<?xml version="1.0" encoding="UTF-8"?>
<export version="D">
  <design>
    <source>/home/mujo/Desktop/radarproj/ADC_modul/ADC_modul.sch</source>
    <date>di 09 mei 2017 16:30:58 CEST</date>
    <tool>Eeschema no-vcs-found-7592~57~ubuntu16.04.1</tool>
    <sheet number="1" name="/" tstamps="/">
      <title_block>
        <title/>
        <company/>
        <rev/>
        <date/>
        <source>ADC_modul.sch</source>
        <comment number="1" value=""/>
        <comment number="2" value=""/>
        <comment number="3" value=""/>
        <comment number="4" value=""/>
      </title_block>
    </sheet>
  </design>
  <components>
    <comp ref="R1">
      <value>50</value>
      <footprint>Resistors_SMD:R_0603_HandSoldering</footprint>
      <libsource lib="device" part="R"/>
      <sheetpath names="/" tstamps="/"/>
      <tstamp>587929E9</tstamp>
    </comp>
    <comp ref="P1">
      <value>BNC</value>
      <footprint>Connect:SMB_Straight</footprint>
      <libsource lib="conn" part="BNC"/>
      <sheetpath names="/" tstamps="/"/>
      <tstamp>58792A42</tstamp>
    </comp>
    <comp ref="C22">
      <value>100n</value>
      <footprint>Capacitors_SMD:C_0603_HandSoldering</footprint>
      <libsource lib="device" part="C_Small"/>
      <sheetpath names="/" tstamps="/"/>
      <tstamp>58792CF4</tstamp>
    </comp>
    <comp ref="R2">
      <value>50</value>
      <footprint>Resistors_SMD:R_0603_HandSoldering</footprint>
      <libsource lib="device" part="R"/>
      <sheetpath names="/" tstamps="/"/>
      <tstamp>58793346</tstamp>
    </comp>
    <comp ref="P2">
      <value>BNC</value>
      <footprint>Connect:SMB_Straight</footprint>
      <libsource lib="conn" part="BNC"/>
      <sheetpath names="/" tstamps="/"/>
      <tstamp>5879334C</tstamp>
    </comp>
    <comp ref="C23">
      <value>100n</value>
      <footprint>Capacitors_SMD:C_0603_HandSoldering</footprint>
      <libsource lib="device" part="C_Small"/>
      <sheetpath names="/" tstamps="/"/>
      <tstamp>58793377</tstamp>
    </comp>
    <comp ref="R3">
      <value>50</value>
      <footprint>Resistors_SMD:R_0603_HandSoldering</footprint>
      <libsource lib="device" part="R"/>
      <sheetpath names="/" tstamps="/"/>
      <tstamp>587935B3</tstamp>
    </comp>
    <comp ref="P3">
      <value>BNC</value>
      <footprint>Connect:SMB_Straight</footprint>
      <libsource lib="conn" part="BNC"/>
      <sheetpath names="/" tstamps="/"/>
      <tstamp>587935B9</tstamp>
    </comp>
    <comp ref="R4">
      <value>50</value>
      <footprint>Resistors_SMD:R_0603_HandSoldering</footprint>
      <libsource lib="device" part="R"/>
      <sheetpath names="/" tstamps="/"/>
      <tstamp>58793799</tstamp>
    </comp>
    <comp ref="P4">
      <value>BNC</value>
      <footprint>Connect:SMB_Straight</footprint>
      <libsource lib="conn" part="BNC"/>
      <sheetpath names="/" tstamps="/"/>
      <tstamp>5879379F</tstamp>
    </comp>
    <comp ref="U3">
      <value>AD9648_2</value>
      <footprint>Housings_DFN_QFN:QFN-64-1EP_9x9mm_Pitch0.5mm</footprint>
      <datasheet>DOCUMENTATION</datasheet>
      <libsource lib="AD9648" part="AD9648"/>
      <sheetpath names="/" tstamps="/"/>
      <tstamp>58796CB4</tstamp>
    </comp>
    <comp ref="U7">
      <value>AD9648_1</value>
      <footprint>Housings_DFN_QFN:QFN-64-1EP_9x9mm_Pitch0.5mm</footprint>
      <datasheet>DOCUMENTATION</datasheet>
      <libsource lib="AD9648" part="AD9648"/>
      <sheetpath names="/" tstamps="/"/>
      <tstamp>58798CFB</tstamp>
    </comp>
    <comp ref="C61">
      <value>0.1u</value>
      <footprint>Capacitors_SMD:C_0603_HandSoldering</footprint>
      <libsource lib="device" part="C_Small"/>
      <sheetpath names="/" tstamps="/"/>
      <tstamp>587996E5</tstamp>
    </comp>
    <comp ref="C60">
      <value>1u</value>
      <footprint>Capacitors_SMD:C_0603_HandSoldering</footprint>
      <libsource lib="device" part="C_Small"/>
      <sheetpath names="/" tstamps="/"/>
      <tstamp>58799950</tstamp>
    </comp>
    <comp ref="C38">
      <value>100n</value>
      <footprint>Capacitors_SMD:C_0603_HandSoldering</footprint>
      <libsource lib="device" part="C_Small"/>
      <sheetpath names="/" tstamps="/"/>
      <tstamp>5879AC4A</tstamp>
    </comp>
    <comp ref="C39">
      <value>100n</value>
      <footprint>Capacitors_SMD:C_0603_HandSoldering</footprint>
      <libsource lib="device" part="C_Small"/>
      <sheetpath names="/" tstamps="/"/>
      <tstamp>5879B068</tstamp>
    </comp>
    <comp ref="C40">
      <value>100n</value>
      <footprint>Capacitors_SMD:C_0402</footprint>
      <libsource lib="device" part="C_Small"/>
      <sheetpath names="/" tstamps="/"/>
      <tstamp>5879B1AE</tstamp>
    </comp>
    <comp ref="C41">
      <value>100n</value>
      <footprint>Capacitors_SMD:C_0402</footprint>
      <libsource lib="device" part="C_Small"/>
      <sheetpath names="/" tstamps="/"/>
      <tstamp>5879B24D</tstamp>
    </comp>
    <comp ref="x1">
      <value>cr_oscillator</value>
      <footprint>S73305:S73305</footprint>
      <libsource lib="ADC_modul-cache" part="cr_oscillator"/>
      <sheetpath names="/" tstamps="/"/>
      <tstamp>587A3ABE</tstamp>
    </comp>
    <comp ref="C2">
      <value>100n</value>
      <footprint>Capacitors_SMD:C_0603_HandSoldering</footprint>
      <libsource lib="device" part="C_Small"/>
      <sheetpath names="/" tstamps="/"/>
      <tstamp>587A3EE9</tstamp>
    </comp>
    <comp ref="R6">
      <value>10k</value>
      <footprint>Resistors_SMD:R_0603_HandSoldering</footprint>
      <libsource lib="device" part="R"/>
      <sheetpath names="/" tstamps="/"/>
      <tstamp>587A4813</tstamp>
    </comp>
    <comp ref="R23">
      <value>0</value>
      <footprint>Resistors_SMD:R_0603_HandSoldering</footprint>
      <libsource lib="device" part="R"/>
      <sheetpath names="/" tstamps="/"/>
      <tstamp>587AB62B</tstamp>
    </comp>
    <comp ref="v2">
      <value>ISL21080</value>
      <footprint>TO_SOT_Packages_SMD:SOT-23</footprint>
      <libsource lib="ADC_modul-cache" part="ISL21080"/>
      <sheetpath names="/" tstamps="/"/>
      <tstamp>587ABFCA</tstamp>
    </comp>
    <comp ref="C6">
      <value>100n</value>
      <footprint>Capacitors_SMD:C_0603_HandSoldering</footprint>
      <libsource lib="device" part="C_Small"/>
      <sheetpath names="/" tstamps="/"/>
      <tstamp>587AC68C</tstamp>
    </comp>
    <comp ref="C18">
      <value>10n</value>
      <footprint>Capacitors_SMD:C_0603_HandSoldering</footprint>
      <libsource lib="device" part="C_Small"/>
      <sheetpath names="/" tstamps="/"/>
      <tstamp>587ACD23</tstamp>
    </comp>
    <comp ref="C34">
      <value>100n</value>
      <footprint>Capacitors_SMD:C_0402</footprint>
      <libsource lib="device" part="C_Small"/>
      <sheetpath names="/" tstamps="/"/>
      <tstamp>587ADB5E</tstamp>
    </comp>
    <comp ref="C35">
      <value>100n</value>
      <footprint>Capacitors_SMD:C_0402</footprint>
      <libsource lib="device" part="C_Small"/>
      <sheetpath names="/" tstamps="/"/>
      <tstamp>587ADD7A</tstamp>
    </comp>
    <comp ref="R33">
      <value>100</value>
      <footprint>Resistors_SMD:R_0402</footprint>
      <libsource lib="device" part="R"/>
      <sheetpath names="/" tstamps="/"/>
      <tstamp>587ADE67</tstamp>
    </comp>
    <comp ref="C32">
      <value>100n</value>
      <footprint>Capacitors_SMD:C_0402</footprint>
      <libsource lib="device" part="C_Small"/>
      <sheetpath names="/" tstamps="/"/>
      <tstamp>587AEB77</tstamp>
    </comp>
    <comp ref="C33">
      <value>100n</value>
      <footprint>Capacitors_SMD:C_0402</footprint>
      <libsource lib="device" part="C_Small"/>
      <sheetpath names="/" tstamps="/"/>
      <tstamp>587AEB7D</tstamp>
    </comp>
    <comp ref="R32">
      <value>100</value>
      <footprint>Resistors_SMD:R_0402</footprint>
      <libsource lib="device" part="R"/>
      <sheetpath names="/" tstamps="/"/>
      <tstamp>587AEB83</tstamp>
    </comp>
    <comp ref="R52">
      <value>10k_1%</value>
      <footprint>Resistors_SMD:R_0603_HandSoldering</footprint>
      <libsource lib="device" part="R"/>
      <sheetpath names="/" tstamps="/"/>
      <tstamp>587B9DD7</tstamp>
    </comp>
    <comp ref="R95">
      <value>10k_1%</value>
      <footprint>Resistors_SMD:R_0603_HandSoldering</footprint>
      <libsource lib="device" part="R"/>
      <sheetpath names="/" tstamps="/"/>
      <tstamp>587BA99F</tstamp>
    </comp>
    <comp ref="L7">
      <value>100u</value>
      <footprint>Choke_SMD:Choke_SMD_Wuerth-WE-PD2-Typ-L</footprint>
      <libsource lib="device" part="L_Core_Ferrite_Small"/>
      <sheetpath names="/" tstamps="/"/>
      <tstamp>587BE5EF</tstamp>
    </comp>
    <comp ref="L8">
      <value>100u</value>
      <footprint>Choke_SMD:Choke_SMD_Wuerth-WE-PD2-Typ-L</footprint>
      <libsource lib="device" part="L_Core_Ferrite_Small"/>
      <sheetpath names="/" tstamps="/"/>
      <tstamp>587BE95B</tstamp>
    </comp>
    <comp ref="C59">
      <value>100n</value>
      <footprint>Capacitors_SMD:C_0603_HandSoldering</footprint>
      <libsource lib="device" part="C_Small"/>
      <sheetpath names="/" tstamps="/"/>
      <tstamp>587BEECA</tstamp>
    </comp>
    <comp ref="C58">
      <value>100n</value>
      <footprint>Capacitors_SMD:C_0603_HandSoldering</footprint>
      <libsource lib="device" part="C_Small"/>
      <sheetpath names="/" tstamps="/"/>
      <tstamp>587BF2B8</tstamp>
    </comp>
    <comp ref="C44">
      <value>100n</value>
      <footprint>Capacitors_SMD:C_0603_HandSoldering</footprint>
      <libsource lib="device" part="C_Small"/>
      <sheetpath names="/" tstamps="/"/>
      <tstamp>587C3044</tstamp>
    </comp>
    <comp ref="C43">
      <value>100n</value>
      <footprint>Capacitors_SMD:C_0603_HandSoldering</footprint>
      <libsource lib="device" part="C_Small"/>
      <sheetpath names="/" tstamps="/"/>
      <tstamp>587C3248</tstamp>
    </comp>
    <comp ref="C46">
      <value>100n</value>
      <footprint>Capacitors_SMD:C_0402</footprint>
      <libsource lib="device" part="C_Small"/>
      <sheetpath names="/" tstamps="/"/>
      <tstamp>587CEB02</tstamp>
    </comp>
    <comp ref="C47">
      <value>100n</value>
      <footprint>Capacitors_SMD:C_0402</footprint>
      <libsource lib="device" part="C_Small"/>
      <sheetpath names="/" tstamps="/"/>
      <tstamp>587CEC46</tstamp>
    </comp>
    <comp ref="C48">
      <value>100n</value>
      <footprint>Capacitors_SMD:C_0402</footprint>
      <libsource lib="device" part="C_Small"/>
      <sheetpath names="/" tstamps="/"/>
      <tstamp>587CED83</tstamp>
    </comp>
    <comp ref="C49">
      <value>100n</value>
      <footprint>Capacitors_SMD:C_0402</footprint>
      <libsource lib="device" part="C_Small"/>
      <sheetpath names="/" tstamps="/"/>
      <tstamp>587CEEBD</tstamp>
    </comp>
    <comp ref="C50">
      <value>100n</value>
      <footprint>Capacitors_SMD:C_0402</footprint>
      <libsource lib="device" part="C_Small"/>
      <sheetpath names="/" tstamps="/"/>
      <tstamp>587CEFFA</tstamp>
    </comp>
    <comp ref="C51">
      <value>100n</value>
      <footprint>Capacitors_SMD:C_0402</footprint>
      <libsource lib="device" part="C_Small"/>
      <sheetpath names="/" tstamps="/"/>
      <tstamp>587CF13A</tstamp>
    </comp>
    <comp ref="C52">
      <value>100n</value>
      <footprint>Capacitors_SMD:C_0402</footprint>
      <libsource lib="device" part="C_Small"/>
      <sheetpath names="/" tstamps="/"/>
      <tstamp>587CF27B</tstamp>
    </comp>
    <comp ref="C53">
      <value>100n</value>
      <footprint>Capacitors_SMD:C_0402</footprint>
      <libsource lib="device" part="C_Small"/>
      <sheetpath names="/" tstamps="/"/>
      <tstamp>587CF3C1</tstamp>
    </comp>
    <comp ref="R7">
      <value>50</value>
      <footprint>Resistors_SMD:R_0603_HandSoldering</footprint>
      <libsource lib="device" part="R"/>
      <sheetpath names="/" tstamps="/"/>
      <tstamp>58825EF4</tstamp>
    </comp>
    <comp ref="C26">
      <value>4.7u</value>
      <footprint>Capacitors_SMD:C_0805_HandSoldering</footprint>
      <libsource lib="device" part="C_Small"/>
      <sheetpath names="/" tstamps="/"/>
      <tstamp>58826E40</tstamp>
    </comp>
    <comp ref="R24">
      <value>33</value>
      <footprint>Resistors_SMD:R_0603_HandSoldering</footprint>
      <libsource lib="device" part="R"/>
      <sheetpath names="/" tstamps="/"/>
      <tstamp>588270B1</tstamp>
    </comp>
    <comp ref="C30">
      <value>10u</value>
      <footprint>Capacitors_SMD:C_0805_HandSoldering</footprint>
      <libsource lib="device" part="C_Small"/>
      <sheetpath names="/" tstamps="/"/>
      <tstamp>58827507</tstamp>
    </comp>
    <comp ref="L2">
      <value>820n</value>
      <footprint>Capacitors_SMD:C_0805_HandSoldering</footprint>
      <libsource lib="device" part="L_Core_Ferrite_Small"/>
      <sheetpath names="/" tstamps="/"/>
      <tstamp>58828ED7</tstamp>
    </comp>
    <comp ref="R11">
      <value>33</value>
      <footprint>Resistors_SMD:R_0603_HandSoldering</footprint>
      <libsource lib="device" part="R"/>
      <sheetpath names="/" tstamps="/"/>
      <tstamp>5884AE41</tstamp>
    </comp>
    <comp ref="R12">
      <value>33</value>
      <footprint>Resistors_SMD:R_0603_HandSoldering</footprint>
      <libsource lib="device" part="R"/>
      <sheetpath names="/" tstamps="/"/>
      <tstamp>5884AFA2</tstamp>
    </comp>
    <comp ref="P7">
      <value>ext_clk_enable</value>
      <footprint>Pin_Headers:Pin_Header_Straight_1x03_Pitch2.54mm</footprint>
      <libsource lib="conn" part="CONN_01X03"/>
      <sheetpath names="/" tstamps="/"/>
      <tstamp>5884C74A</tstamp>
    </comp>
    <comp ref="R8">
      <value>50</value>
      <footprint>Resistors_SMD:R_0603_HandSoldering</footprint>
      <libsource lib="device" part="R"/>
      <sheetpath names="/" tstamps="/"/>
      <tstamp>58853551</tstamp>
    </comp>
    <comp ref="R13">
      <value>33</value>
      <footprint>Resistors_SMD:R_0603_HandSoldering</footprint>
      <libsource lib="device" part="R"/>
      <sheetpath names="/" tstamps="/"/>
      <tstamp>5885355B</tstamp>
    </comp>
    <comp ref="R14">
      <value>33</value>
      <footprint>Resistors_SMD:R_0603_HandSoldering</footprint>
      <libsource lib="device" part="R"/>
      <sheetpath names="/" tstamps="/"/>
      <tstamp>58853561</tstamp>
    </comp>
    <comp ref="C27">
      <value>4.7u</value>
      <footprint>Capacitors_SMD:C_0805_HandSoldering</footprint>
      <libsource lib="device" part="C_Small"/>
      <sheetpath names="/" tstamps="/"/>
      <tstamp>58853967</tstamp>
    </comp>
    <comp ref="R25">
      <value>33</value>
      <footprint>Resistors_SMD:R_0603_HandSoldering</footprint>
      <libsource lib="device" part="R"/>
      <sheetpath names="/" tstamps="/"/>
      <tstamp>58853C12</tstamp>
    </comp>
    <comp ref="L3">
      <value>820n</value>
      <footprint>Capacitors_SMD:C_0805_HandSoldering</footprint>
      <libsource lib="device" part="L_Core_Ferrite_Small"/>
      <sheetpath names="/" tstamps="/"/>
      <tstamp>58853DDE</tstamp>
    </comp>
    <comp ref="C24">
      <value>100n</value>
      <footprint>Capacitors_SMD:C_0603_HandSoldering</footprint>
      <libsource lib="device" part="C_Small"/>
      <sheetpath names="/" tstamps="/"/>
      <tstamp>58855DB9</tstamp>
    </comp>
    <comp ref="C25">
      <value>100n</value>
      <footprint>Capacitors_SMD:C_0603_HandSoldering</footprint>
      <libsource lib="device" part="C_Small"/>
      <sheetpath names="/" tstamps="/"/>
      <tstamp>58855DC1</tstamp>
    </comp>
    <comp ref="R9">
      <value>50</value>
      <footprint>Resistors_SMD:R_0603_HandSoldering</footprint>
      <libsource lib="device" part="R"/>
      <sheetpath names="/" tstamps="/"/>
      <tstamp>58855DD8</tstamp>
    </comp>
    <comp ref="C28">
      <value>4.7u</value>
      <footprint>Capacitors_SMD:C_0805_HandSoldering</footprint>
      <libsource lib="device" part="C_Small"/>
      <sheetpath names="/" tstamps="/"/>
      <tstamp>58855DE2</tstamp>
    </comp>
    <comp ref="R26">
      <value>33</value>
      <footprint>Resistors_SMD:R_0603_HandSoldering</footprint>
      <libsource lib="device" part="R"/>
      <sheetpath names="/" tstamps="/"/>
      <tstamp>58855DEE</tstamp>
    </comp>
    <comp ref="C31">
      <value>10u</value>
      <footprint>Capacitors_SMD:C_0805_HandSoldering</footprint>
      <libsource lib="device" part="C_Small"/>
      <sheetpath names="/" tstamps="/"/>
      <tstamp>58855DF4</tstamp>
    </comp>
    <comp ref="L4">
      <value>820n</value>
      <footprint>Capacitors_SMD:C_0805_HandSoldering</footprint>
      <libsource lib="device" part="L_Core_Ferrite_Small"/>
      <sheetpath names="/" tstamps="/"/>
      <tstamp>58855DFA</tstamp>
    </comp>
    <comp ref="R15">
      <value>33</value>
      <footprint>Resistors_SMD:R_0603_HandSoldering</footprint>
      <libsource lib="device" part="R"/>
      <sheetpath names="/" tstamps="/"/>
      <tstamp>58855E08</tstamp>
    </comp>
    <comp ref="R16">
      <value>33</value>
      <footprint>Resistors_SMD:R_0603_HandSoldering</footprint>
      <libsource lib="device" part="R"/>
      <sheetpath names="/" tstamps="/"/>
      <tstamp>58855E0E</tstamp>
    </comp>
    <comp ref="R10">
      <value>50</value>
      <footprint>Resistors_SMD:R_0603_HandSoldering</footprint>
      <libsource lib="device" part="R"/>
      <sheetpath names="/" tstamps="/"/>
      <tstamp>58855E1B</tstamp>
    </comp>
    <comp ref="R17">
      <value>33</value>
      <footprint>Resistors_SMD:R_0603_HandSoldering</footprint>
      <libsource lib="device" part="R"/>
      <sheetpath names="/" tstamps="/"/>
      <tstamp>58855E25</tstamp>
    </comp>
    <comp ref="R18">
      <value>33</value>
      <footprint>Resistors_SMD:R_0603_HandSoldering</footprint>
      <libsource lib="device" part="R"/>
      <sheetpath names="/" tstamps="/"/>
      <tstamp>58855E2B</tstamp>
    </comp>
    <comp ref="C29">
      <value>4.7u</value>
      <footprint>Capacitors_SMD:C_0805_HandSoldering</footprint>
      <libsource lib="device" part="C_Small"/>
      <sheetpath names="/" tstamps="/"/>
      <tstamp>58855E31</tstamp>
    </comp>
    <comp ref="R27">
      <value>33</value>
      <footprint>Resistors_SMD:R_0603_HandSoldering</footprint>
      <libsource lib="device" part="R"/>
      <sheetpath names="/" tstamps="/"/>
      <tstamp>58855E3D</tstamp>
    </comp>
    <comp ref="L5">
      <value>820n</value>
      <footprint>Capacitors_SMD:C_0805_HandSoldering</footprint>
      <libsource lib="device" part="L_Core_Ferrite_Small"/>
      <sheetpath names="/" tstamps="/"/>
      <tstamp>58855E43</tstamp>
    </comp>
    <comp ref="R114">
      <value>10k</value>
      <footprint>Resistors_SMD:R_0603_HandSoldering</footprint>
      <libsource lib="device" part="R"/>
      <sheetpath names="/" tstamps="/"/>
      <tstamp>5885DF2D</tstamp>
    </comp>
    <comp ref="C37">
      <value>0.1u</value>
      <footprint>Capacitors_SMD:C_0603_HandSoldering</footprint>
      <libsource lib="device" part="C_Small"/>
      <sheetpath names="/" tstamps="/"/>
      <tstamp>5885FAAE</tstamp>
    </comp>
    <comp ref="C36">
      <value>1u</value>
      <footprint>Capacitors_SMD:C_0603_HandSoldering</footprint>
      <libsource lib="device" part="C_Small"/>
      <sheetpath names="/" tstamps="/"/>
      <tstamp>5885FAB4</tstamp>
    </comp>
    <comp ref="U8">
      <value>SN74LVC2G07</value>
      <footprint>TO_SOT_Packages_SMD:SOT-23-6_Handsoldering</footprint>
      <datasheet>DOCUMENTATION</datasheet>
      <libsource lib="SN74LVC2G07" part="SN74LVC2G07"/>
      <sheetpath names="/" tstamps="/"/>
      <tstamp>58892802</tstamp>
    </comp>
    <comp ref="R76">
      <value>10k</value>
      <footprint>Resistors_SMD:R_0603_HandSoldering</footprint>
      <libsource lib="device" part="R"/>
      <sheetpath names="/" tstamps="/"/>
      <tstamp>588936F7</tstamp>
    </comp>
    <comp ref="R116">
      <value>4.7k</value>
      <footprint>Resistors_SMD:R_0603_HandSoldering</footprint>
      <libsource lib="device" part="R"/>
      <sheetpath names="/" tstamps="/"/>
      <tstamp>588A1B52</tstamp>
    </comp>
    <comp ref="R115">
      <value>4.7k</value>
      <footprint>Resistors_SMD:R_0603_HandSoldering</footprint>
      <libsource lib="device" part="R"/>
      <sheetpath names="/" tstamps="/"/>
      <tstamp>588A8040</tstamp>
    </comp>
    <comp ref="C69">
      <value>100n</value>
      <footprint>Capacitors_SMD:C_0603_HandSoldering</footprint>
      <libsource lib="device" part="C_Small"/>
      <sheetpath names="/" tstamps="/"/>
      <tstamp>588AAA38</tstamp>
    </comp>
    <comp ref="L6">
      <value>100u</value>
      <footprint>Choke_SMD:Choke_SMD_Wuerth-WE-PD2-Typ-L</footprint>
      <libsource lib="device" part="L_Core_Ferrite_Small"/>
      <sheetpath names="/" tstamps="/"/>
      <tstamp>588B0A0A</tstamp>
    </comp>
    <comp ref="C57">
      <value>100n</value>
      <footprint>Capacitors_SMD:C_0603_HandSoldering</footprint>
      <libsource lib="device" part="C_Small"/>
      <sheetpath names="/" tstamps="/"/>
      <tstamp>588B0A10</tstamp>
    </comp>
    <comp ref="C42">
      <value>100n</value>
      <footprint>Capacitors_SMD:C_0603_HandSoldering</footprint>
      <libsource lib="device" part="C_Small"/>
      <sheetpath names="/" tstamps="/"/>
      <tstamp>588B0A34</tstamp>
    </comp>
    <comp ref="C66">
      <value>100n</value>
      <footprint>Capacitors_SMD:C_0603_HandSoldering</footprint>
      <libsource lib="device" part="C_Small"/>
      <sheetpath names="/" tstamps="/"/>
      <tstamp>588C44F7</tstamp>
    </comp>
    <comp ref="C68">
      <value>100n</value>
      <footprint>Capacitors_SMD:C_0402</footprint>
      <libsource lib="device" part="C_Small"/>
      <sheetpath names="/" tstamps="/"/>
      <tstamp>588C49B2</tstamp>
    </comp>
    <comp ref="C67">
      <value>100n</value>
      <footprint>Capacitors_SMD:C_0402</footprint>
      <libsource lib="device" part="C_Small"/>
      <sheetpath names="/" tstamps="/"/>
      <tstamp>588C4C10</tstamp>
    </comp>
    <comp ref="C62">
      <value>100n</value>
      <footprint>Capacitors_SMD:C_0603_HandSoldering</footprint>
      <libsource lib="device" part="C_Small"/>
      <sheetpath names="/" tstamps="/"/>
      <tstamp>588C4E6D</tstamp>
    </comp>
    <comp ref="R20">
      <value>R_Small</value>
      <footprint>Resistors_SMD:R_0603_HandSoldering</footprint>
      <libsource lib="device" part="R_Small"/>
      <sheetpath names="/" tstamps="/"/>
      <tstamp>589395F8</tstamp>
    </comp>
    <comp ref="R21">
      <value>R_Small</value>
      <footprint>Resistors_SMD:R_0603_HandSoldering</footprint>
      <libsource lib="device" part="R_Small"/>
      <sheetpath names="/" tstamps="/"/>
      <tstamp>58939872</tstamp>
    </comp>
    <comp ref="v1">
      <value>ISL21080</value>
      <footprint>TO_SOT_Packages_SMD:SOT-23</footprint>
      <libsource lib="ADC_modul-cache" part="ISL21080"/>
      <sheetpath names="/" tstamps="/"/>
      <tstamp>5894CB7A</tstamp>
    </comp>
    <comp ref="C8">
      <value>10n</value>
      <footprint>Capacitors_SMD:C_0603_HandSoldering</footprint>
      <libsource lib="device" part="C_Small"/>
      <sheetpath names="/" tstamps="/"/>
      <tstamp>5894CB92</tstamp>
    </comp>
    <comp ref="P6">
      <value>ext. clk</value>
      <footprint>Connect:SMB_Straight</footprint>
      <libsource lib="conn" part="BNC"/>
      <sheetpath names="/" tstamps="/"/>
      <tstamp>5895F3C9</tstamp>
    </comp>
    <comp ref="R22">
      <value>33</value>
      <footprint>Resistors_SMD:R_0603_HandSoldering</footprint>
      <libsource lib="device" part="R"/>
      <sheetpath names="/" tstamps="/"/>
      <tstamp>589666E5</tstamp>
    </comp>
    <comp ref="L1">
      <value>820n</value>
      <footprint>Capacitors_SMD:C_0805_HandSoldering</footprint>
      <libsource lib="device" part="L_Core_Ferrite_Small"/>
      <sheetpath names="/" tstamps="/"/>
      <tstamp>589666EB</tstamp>
    </comp>
    <comp ref="U1">
      <value>BUF602IDBVT</value>
      <footprint>TO_SOT_Packages_SMD:SOT-23-5_HandSoldering</footprint>
      <datasheet>DOCUMENTATION</datasheet>
      <libsource lib="BUF602IDBVT" part="BUF602IDBVT"/>
      <sheetpath names="/" tstamps="/"/>
      <tstamp>5896A53F</tstamp>
    </comp>
    <comp ref="C19">
      <value>100n</value>
      <footprint>Capacitors_SMD:C_0603_HandSoldering</footprint>
      <libsource lib="device" part="C_Small"/>
      <sheetpath names="/" tstamps="/"/>
      <tstamp>5896B943</tstamp>
    </comp>
    <comp ref="C20">
      <value>100n</value>
      <footprint>Capacitors_SMD:C_0603_HandSoldering</footprint>
      <libsource lib="device" part="C_Small"/>
      <sheetpath names="/" tstamps="/"/>
      <tstamp>5896C45D</tstamp>
    </comp>
    <comp ref="C1">
      <value>100n</value>
      <footprint>Capacitors_SMD:C_0603_HandSoldering</footprint>
      <libsource lib="device" part="C_Small"/>
      <sheetpath names="/" tstamps="/"/>
      <tstamp>58976D66</tstamp>
    </comp>
    <comp ref="R19">
      <value>2k</value>
      <footprint>Resistors_SMD:R_0603_HandSoldering</footprint>
      <libsource lib="device" part="R_Small"/>
      <sheetpath names="/" tstamps="/"/>
      <tstamp>58977742</tstamp>
    </comp>
    <comp ref="R5">
      <value>50</value>
      <footprint>Resistors_SMD:R_0603_HandSoldering</footprint>
      <libsource lib="device" part="R_Small"/>
      <sheetpath names="/" tstamps="/"/>
      <tstamp>58979071</tstamp>
    </comp>
    <comp ref="P5">
      <value>clk_out</value>
      <footprint>Connect:SMB_Straight</footprint>
      <libsource lib="conn" part="BNC"/>
      <sheetpath names="/" tstamps="/"/>
      <tstamp>5897B284</tstamp>
    </comp>
    <comp ref="C9">
      <value>40p</value>
      <footprint>Capacitors_SMD:C_0402</footprint>
      <libsource lib="device" part="C_Small"/>
      <sheetpath names="/" tstamps="/"/>
      <tstamp>58962051</tstamp>
    </comp>
    <comp ref="C10">
      <value>40p</value>
      <footprint>Capacitors_SMD:C_0402</footprint>
      <libsource lib="device" part="C_Small"/>
      <sheetpath names="/" tstamps="/"/>
      <tstamp>58962D69</tstamp>
    </comp>
    <comp ref="C11">
      <value>40p</value>
      <footprint>Capacitors_SMD:C_0402</footprint>
      <libsource lib="device" part="C_Small"/>
      <sheetpath names="/" tstamps="/"/>
      <tstamp>589671F7</tstamp>
    </comp>
    <comp ref="C12">
      <value>40p</value>
      <footprint>Capacitors_SMD:C_0402</footprint>
      <libsource lib="device" part="C_Small"/>
      <sheetpath names="/" tstamps="/"/>
      <tstamp>589673B3</tstamp>
    </comp>
    <comp ref="C13">
      <value>40p</value>
      <footprint>Capacitors_SMD:C_0402</footprint>
      <libsource lib="device" part="C_Small"/>
      <sheetpath names="/" tstamps="/"/>
      <tstamp>589684BE</tstamp>
    </comp>
    <comp ref="C14">
      <value>40p</value>
      <footprint>Capacitors_SMD:C_0402</footprint>
      <libsource lib="device" part="C_Small"/>
      <sheetpath names="/" tstamps="/"/>
      <tstamp>58968777</tstamp>
    </comp>
    <comp ref="C15">
      <value>40p</value>
      <footprint>Capacitors_SMD:C_0402</footprint>
      <libsource lib="device" part="C_Small"/>
      <sheetpath names="/" tstamps="/"/>
      <tstamp>58968A31</tstamp>
    </comp>
    <comp ref="C16">
      <value>40p</value>
      <footprint>Capacitors_SMD:C_0402</footprint>
      <libsource lib="device" part="C_Small"/>
      <sheetpath names="/" tstamps="/"/>
      <tstamp>58968D00</tstamp>
    </comp>
    <comp ref="C4">
      <value>10u</value>
      <footprint>Capacitors_SMD:C_0805_HandSoldering</footprint>
      <libsource lib="device" part="C_Small"/>
      <sheetpath names="/" tstamps="/"/>
      <tstamp>58987E9C</tstamp>
    </comp>
    <comp ref="C45">
      <value>1u</value>
      <footprint>Capacitors_SMD:C_0805_HandSoldering</footprint>
      <libsource lib="device" part="C_Small"/>
      <sheetpath names="/" tstamps="/"/>
      <tstamp>5898CCAD</tstamp>
    </comp>
    <comp ref="C63">
      <value>1u</value>
      <footprint>Capacitors_SMD:C_0805_HandSoldering</footprint>
      <libsource lib="device" part="C_Small"/>
      <sheetpath names="/" tstamps="/"/>
      <tstamp>58992A29</tstamp>
    </comp>
    <comp ref="C64">
      <value>1u</value>
      <footprint>Capacitors_SMD:C_0805_HandSoldering</footprint>
      <libsource lib="device" part="C_Small"/>
      <sheetpath names="/" tstamps="/"/>
      <tstamp>58992FC9</tstamp>
    </comp>
    <comp ref="C65">
      <value>1u</value>
      <footprint>Capacitors_SMD:C_0805_HandSoldering</footprint>
      <libsource lib="device" part="C_Small"/>
      <sheetpath names="/" tstamps="/"/>
      <tstamp>58993553</tstamp>
    </comp>
    <comp ref="T1">
      <value>Transformer_6</value>
      <footprint>ADT1-1WT:adt1-1wt</footprint>
      <libsource lib="transformer_6_" part="Transformer_6"/>
      <sheetpath names="/" tstamps="/"/>
      <tstamp>58A0A316</tstamp>
    </comp>
    <comp ref="T2">
      <value>Transformer_6</value>
      <footprint>ADT1-1WT:adt1-1wt</footprint>
      <libsource lib="transformer_6_" part="Transformer_6"/>
      <sheetpath names="/" tstamps="/"/>
      <tstamp>58A0B5CB</tstamp>
    </comp>
    <comp ref="T3">
      <value>Transformer_6</value>
      <footprint>ADT1-1WT:adt1-1wt</footprint>
      <libsource lib="transformer_6_" part="Transformer_6"/>
      <sheetpath names="/" tstamps="/"/>
      <tstamp>58A0B873</tstamp>
    </comp>
    <comp ref="T4">
      <value>Transformer_6</value>
      <footprint>ADT1-1WT:adt1-1wt</footprint>
      <libsource lib="transformer_6_" part="Transformer_6"/>
      <sheetpath names="/" tstamps="/"/>
      <tstamp>58A0BB22</tstamp>
    </comp>
    <comp ref="P9">
      <value>C/D</value>
      <footprint>Pin_Headers:Pin_Header_Straight_2x28_Pitch2.54mm</footprint>
      <libsource lib="conn" part="CONN_02X28"/>
      <sheetpath names="/" tstamps="/"/>
      <tstamp>58BA3B8B</tstamp>
    </comp>
    <comp ref="J1">
      <value>DB15_vga</value>
      <footprint>D-sub15(vga):D-sub15(vga)</footprint>
      <libsource lib="D-sub15(vga)" part="DB15_vga"/>
      <sheetpath names="/" tstamps="/"/>
      <tstamp>58BBE2FD</tstamp>
    </comp>
    <comp ref="R34">
      <value>4.7k</value>
      <footprint>Resistors_SMD:R_0603_HandSoldering</footprint>
      <libsource lib="device" part="R"/>
      <sheetpath names="/" tstamps="/"/>
      <tstamp>58BAE44D</tstamp>
    </comp>
    <comp ref="C54">
      <value>22u</value>
      <footprint>Capacitors_SMD:C_2220_HandSoldering</footprint>
      <libsource lib="device" part="C_Small"/>
      <sheetpath names="/" tstamps="/"/>
      <tstamp>58BB1E28</tstamp>
    </comp>
    <comp ref="C55">
      <value>22u</value>
      <footprint>Capacitors_SMD:C_2220_HandSoldering</footprint>
      <libsource lib="device" part="C_Small"/>
      <sheetpath names="/" tstamps="/"/>
      <tstamp>58BB1FF9</tstamp>
    </comp>
    <comp ref="C56">
      <value>22u</value>
      <footprint>Capacitors_SMD:C_2220_HandSoldering</footprint>
      <libsource lib="device" part="C_Small"/>
      <sheetpath names="/" tstamps="/"/>
      <tstamp>58BB21E7</tstamp>
    </comp>
    <comp ref="P10">
      <value>CONN_01X01</value>
      <footprint>Mounting_Holes:MountingHole_3.2mm_M3_Pad</footprint>
      <libsource lib="conn" part="CONN_01X01"/>
      <sheetpath names="/" tstamps="/"/>
      <tstamp>58C4329E</tstamp>
    </comp>
    <comp ref="P12">
      <value>CONN_01X01</value>
      <footprint>Mounting_Holes:MountingHole_3.2mm_M3_Pad</footprint>
      <libsource lib="conn" part="CONN_01X01"/>
      <sheetpath names="/" tstamps="/"/>
      <tstamp>58C4382E</tstamp>
    </comp>
    <comp ref="P13">
      <value>CONN_01X01</value>
      <footprint>Mounting_Holes:MountingHole_3.2mm_M3_Pad</footprint>
      <libsource lib="conn" part="CONN_01X01"/>
      <sheetpath names="/" tstamps="/"/>
      <tstamp>58C43A07</tstamp>
    </comp>
    <comp ref="P14">
      <value>CONN_01X01</value>
      <footprint>Mounting_Holes:MountingHole_3.2mm_M3_Pad</footprint>
      <libsource lib="conn" part="CONN_01X01"/>
      <sheetpath names="/" tstamps="/"/>
      <tstamp>58C43BE9</tstamp>
    </comp>
    <comp ref="P8">
      <value>CONN_A/B</value>
      <footprint>Pin_Headers:Pin_Header_Straight_2x28_Pitch2.54mm</footprint>
      <libsource lib="conn" part="CONN_02X28"/>
      <sheetpath names="/" tstamps="/"/>
      <tstamp>58BA4196</tstamp>
    </comp>
    <comp ref="U2">
      <value>Si53306_1_!_4clk</value>
      <footprint>Housings_DFN_QFN:UQFN-16-1EP_3x3mm_Pitch0.5mm</footprint>
      <datasheet>DOCUMENTATION</datasheet>
      <libsource lib="Si53306_1_!_4clk" part="Si53306_1_!_4clk"/>
      <sheetpath names="/" tstamps="/"/>
      <tstamp>58D90332</tstamp>
    </comp>
    <comp ref="C17">
      <value>100n</value>
      <footprint>Capacitors_SMD:C_0603_HandSoldering</footprint>
      <libsource lib="device" part="C_Small"/>
      <sheetpath names="/" tstamps="/"/>
      <tstamp>58D9273D</tstamp>
    </comp>
    <comp ref="C7">
      <value>100n</value>
      <footprint>Capacitors_SMD:C_0603_HandSoldering</footprint>
      <libsource lib="device" part="C_Small"/>
      <sheetpath names="/" tstamps="/"/>
      <tstamp>58D92AEB</tstamp>
    </comp>
    <comp ref="C5">
      <value>100n</value>
      <footprint>Capacitors_SMD:C_0603_HandSoldering</footprint>
      <libsource lib="device" part="C_Small"/>
      <sheetpath names="/" tstamps="/"/>
      <tstamp>58DAB416</tstamp>
    </comp>
    <comp ref="C3">
      <value>100n</value>
      <footprint>Capacitors_SMD:C_0603_HandSoldering</footprint>
      <libsource lib="device" part="C_Small"/>
      <sheetpath names="/" tstamps="/"/>
      <tstamp>58DAC9D7</tstamp>
    </comp>
    <comp ref="C70">
      <value>100n</value>
      <footprint>Capacitors_SMD:C_0402</footprint>
      <libsource lib="device" part="C_Small"/>
      <sheetpath names="/" tstamps="/"/>
      <tstamp>58DC99CD</tstamp>
    </comp>
    <comp ref="C21">
      <value>100n</value>
      <footprint>Capacitors_SMD:C_0402</footprint>
      <libsource lib="device" part="C_Small"/>
      <sheetpath names="/" tstamps="/"/>
      <tstamp>58DC9B97</tstamp>
    </comp>
    <comp ref="R28">
      <value>100</value>
      <footprint>Resistors_SMD:R_0402</footprint>
      <libsource lib="device" part="R"/>
      <sheetpath names="/" tstamps="/"/>
      <tstamp>58DC9D8E</tstamp>
    </comp>
    <comp ref="P11">
      <value>CONN_02X01</value>
      <footprint>Pin_Headers:Pin_Header_Straight_2x01_Pitch2.54mm</footprint>
      <libsource lib="conn" part="CONN_02X01"/>
      <sheetpath names="/" tstamps="/"/>
      <tstamp>591063B8</tstamp>
    </comp>
    <comp ref="P16">
      <value>CONN_02X01</value>
      <footprint>Pin_Headers:Pin_Header_Straight_2x01_Pitch2.54mm</footprint>
      <libsource lib="conn" part="CONN_02X01"/>
      <sheetpath names="/" tstamps="/"/>
      <tstamp>591065A4</tstamp>
    </comp>
    <comp ref="P17">
      <value>CONN_02X01</value>
      <footprint>Pin_Headers:Pin_Header_Straight_2x01_Pitch2.54mm</footprint>
      <libsource lib="conn" part="CONN_02X01"/>
      <sheetpath names="/" tstamps="/"/>
      <tstamp>59107823</tstamp>
    </comp>
    <comp ref="P18">
      <value>CONN_02X01</value>
      <footprint>Pin_Headers:Pin_Header_Straight_2x01_Pitch2.54mm</footprint>
      <libsource lib="conn" part="CONN_02X01"/>
      <sheetpath names="/" tstamps="/"/>
      <tstamp>59107A03</tstamp>
    </comp>
    <comp ref="U4">
      <value>NCP705</value>
      <footprint>Housings_DFN_QFN:DFN-6-1EP_2x2mm_Pitch0.65mm</footprint>
      <datasheet>DOCUMENTATION</datasheet>
      <libsource lib="NCP705" part="NCP705"/>
      <sheetpath names="/" tstamps="/"/>
      <tstamp>5911156E</tstamp>
    </comp>
    <comp ref="U6">
      <value>NCP705</value>
      <footprint>Housings_DFN_QFN:DFN-6-1EP_2x2mm_Pitch0.65mm</footprint>
      <datasheet>DOCUMENTATION</datasheet>
      <libsource lib="NCP705" part="NCP705"/>
      <sheetpath names="/" tstamps="/"/>
      <tstamp>59111E9D</tstamp>
    </comp>
    <comp ref="U5">
      <value>NCP705</value>
      <footprint>Housings_DFN_QFN:DFN-6-1EP_2x2mm_Pitch0.65mm</footprint>
      <datasheet>DOCUMENTATION</datasheet>
      <libsource lib="NCP705" part="NCP705"/>
      <sheetpath names="/" tstamps="/"/>
      <tstamp>591120B1</tstamp>
    </comp>
    <comp ref="C71">
      <value>1u</value>
      <footprint>Capacitors_SMD:C_0805_HandSoldering</footprint>
      <libsource lib="device" part="C_Small"/>
      <sheetpath names="/" tstamps="/"/>
      <tstamp>5911EB04</tstamp>
    </comp>
    <comp ref="C72">
      <value>1u</value>
      <footprint>Capacitors_SMD:C_0805_HandSoldering</footprint>
      <libsource lib="device" part="C_Small"/>
      <sheetpath names="/" tstamps="/"/>
      <tstamp>5911FF17</tstamp>
    </comp>
  </components>
  <libparts>
    <libpart lib="AD9648" part="AD9648">
      <fields>
        <field name="Reference">U</field>
        <field name="Value">AD9648</field>
        <field name="Footprint">MODULE</field>
        <field name="Datasheet">DOCUMENTATION</field>
      </fields>
      <pins>
        <pin num="1" name="CLK+" type="input"/>
        <pin num="2" name="CLK-" type="input"/>
        <pin num="3" name="SYNC" type="input"/>
        <pin num="4" name="NC" type="output"/>
        <pin num="5" name="NC" type="output"/>
        <pin num="6" name="D0B" type="output"/>
        <pin num="7" name="D1B" type="output"/>
        <pin num="8" name="D2B" type="output"/>
        <pin num="9" name="D3B" type="output"/>
        <pin num="10" name="DRVDD" type="power_in"/>
        <pin num="11" name="D4B" type="output"/>
        <pin num="12" name="D5B" type="output"/>
        <pin num="13" name="D6B" type="output"/>
        <pin num="14" name="D7B" type="output"/>
        <pin num="15" name="D8B" type="output"/>
        <pin num="16" name="D9B" type="output"/>
        <pin num="17" name="D10B" type="output"/>
        <pin num="18" name="D11B" type="output"/>
        <pin num="19" name="DRVDD" type="power_in"/>
        <pin num="20" name="D12B" type="output"/>
        <pin num="21" name="D13B" type="output"/>
        <pin num="22" name="ORB" type="output"/>
        <pin num="23" name="DCOB" type="output"/>
        <pin num="24" name="DCOA" type="output"/>
        <pin num="25" name="NC" type="output"/>
        <pin num="26" name="NC" type="output"/>
        <pin num="27" name="D0A" type="output"/>
        <pin num="28" name="DRVDD" type="power_in"/>
        <pin num="29" name="D1A" type="output"/>
        <pin num="30" name="D2A" type="output"/>
        <pin num="31" name="D3A" type="output"/>
        <pin num="32" name="D4A" type="output"/>
        <pin num="33" name="D5A" type="output"/>
        <pin num="34" name="D6A" type="output"/>
        <pin num="35" name="D7A" type="output"/>
        <pin num="36" name="D8A" type="output"/>
        <pin num="37" name="DRVDD" type="power_in"/>
        <pin num="38" name="D9A" type="output"/>
        <pin num="39" name="D10A" type="output"/>
        <pin num="40" name="D11A" type="output"/>
        <pin num="41" name="D12A" type="output"/>
        <pin num="42" name="D13A" type="output"/>
        <pin num="43" name="ORA" type="output"/>
        <pin num="44" name="SDIO/DCS" type="BiDi"/>
        <pin num="45" name="SCLK/DFS" type="input"/>
        <pin num="46" name="CSB" type="input"/>
        <pin num="47" name="OEB" type="input"/>
        <pin num="48" name="PDWN" type="input"/>
        <pin num="49" name="AVDD" type="power_in"/>
        <pin num="50" name="AVDD" type="power_in"/>
        <pin num="51" name="VIN+A" type="input"/>
        <pin num="52" name="VIN-A" type="input"/>
        <pin num="53" name="AVDD" type="power_in"/>
        <pin num="54" name="AVDD" type="power_in"/>
        <pin num="55" name="VREF" type="BiDi"/>
        <pin num="56" name="SENSE" type="input"/>
        <pin num="57" name="VCM" type="output"/>
        <pin num="58" name="RBIAS" type="BiDi"/>
        <pin num="59" name="AVDD" type="power_in"/>
        <pin num="60" name="AVDD" type="power_in"/>
        <pin num="61" name="VIN-B" type="input"/>
        <pin num="62" name="VIN+B" type="input"/>
        <pin num="63" name="AVDD" type="power_in"/>
        <pin num="64" name="AVDD" type="power_in"/>
        <pin num="65" name="AGND" type="power_in"/>
      </pins>
    </libpart>
    <libpart lib="conn" part="BNC">
      <footprints>
        <fp>BNC_*</fp>
        <fp>bnc</fp>
        <fp>bnc-*</fp>
      </footprints>
      <fields>
        <field name="Reference">P</field>
        <field name="Value">BNC</field>
      </fields>
      <pins>
        <pin num="1" name="In" type="passive"/>
        <pin num="2" name="Ext" type="passive"/>
      </pins>
    </libpart>
    <libpart lib="BUF602IDBVT" part="BUF602IDBVT">
      <fields>
        <field name="Reference">U</field>
        <field name="Value">BUF602IDBVT</field>
        <field name="Footprint">MODULE</field>
        <field name="Datasheet">DOCUMENTATION</field>
      </fields>
      <pins>
        <pin num="1" name="V_out" type="output"/>
        <pin num="2" name="-Vcc" type="power_out"/>
        <pin num="3" name="V_ref" type="output"/>
        <pin num="4" name="V_in" type="input"/>
        <pin num="5" name="+Vcc" type="power_in"/>
      </pins>
    </libpart>
    <libpart lib="conn" part="CONN_01X01">
      <description>Connector, single row, 01x01</description>
      <footprints>
        <fp>Pin_Header_Straight_1X01</fp>
        <fp>Pin_Header_Angled_1X01</fp>
        <fp>Socket_Strip_Straight_1X01</fp>
        <fp>Socket_Strip_Angled_1X01</fp>
      </footprints>
      <fields>
        <field name="Reference">P</field>
        <field name="Value">CONN_01X01</field>
      </fields>
      <pins>
        <pin num="1" name="P1" type="passive"/>
      </pins>
    </libpart>
    <libpart lib="conn" part="CONN_01X03">
      <description>Connector, single row, 01x03</description>
      <footprints>
        <fp>Pin_Header_Straight_1X03</fp>
        <fp>Pin_Header_Angled_1X03</fp>
        <fp>Socket_Strip_Straight_1X03</fp>
        <fp>Socket_Strip_Angled_1X03</fp>
      </footprints>
      <fields>
        <field name="Reference">P</field>
        <field name="Value">CONN_01X03</field>
      </fields>
      <pins>
        <pin num="1" name="P1" type="passive"/>
        <pin num="2" name="P2" type="passive"/>
        <pin num="3" name="P3" type="passive"/>
      </pins>
    </libpart>
    <libpart lib="conn" part="CONN_02X01">
      <description>Connector, double row, 02x01</description>
      <footprints>
        <fp>Pin_Header_Straight_2X01</fp>
        <fp>Pin_Header_Angled_2X01</fp>
        <fp>Socket_Strip_Straight_2X01</fp>
        <fp>Socket_Strip_Angled_2X01</fp>
      </footprints>
      <fields>
        <field name="Reference">P</field>
        <field name="Value">CONN_02X01</field>
      </fields>
      <pins>
        <pin num="1" name="P1" type="passive"/>
        <pin num="2" name="P2" type="passive"/>
      </pins>
    </libpart>
    <libpart lib="conn" part="CONN_02X28">
      <description>Connector, double row, 02x28</description>
      <footprints>
        <fp>Pin_Header_Straight_2X28</fp>
        <fp>Pin_Header_Angled_2X28</fp>
        <fp>Socket_Strip_Straight_2X28</fp>
        <fp>Socket_Strip_Angled_2X28</fp>
      </footprints>
      <fields>
        <field name="Reference">P</field>
        <field name="Value">CONN_02X28</field>
      </fields>
      <pins>
        <pin num="1" name="P1" type="passive"/>
        <pin num="2" name="P2" type="passive"/>
        <pin num="3" name="P3" type="passive"/>
        <pin num="4" name="P4" type="passive"/>
        <pin num="5" name="P5" type="passive"/>
        <pin num="6" name="P6" type="passive"/>
        <pin num="7" name="P7" type="passive"/>
        <pin num="8" name="P8" type="passive"/>
        <pin num="9" name="P9" type="passive"/>
        <pin num="10" name="P10" type="passive"/>
        <pin num="11" name="P11" type="passive"/>
        <pin num="12" name="P12" type="passive"/>
        <pin num="13" name="P13" type="passive"/>
        <pin num="14" name="P14" type="passive"/>
        <pin num="15" name="P15" type="passive"/>
        <pin num="16" name="P16" type="passive"/>
        <pin num="17" name="P17" type="passive"/>
        <pin num="18" name="P18" type="passive"/>
        <pin num="19" name="P19" type="passive"/>
        <pin num="20" name="P20" type="passive"/>
        <pin num="21" name="P21" type="passive"/>
        <pin num="22" name="P22" type="passive"/>
        <pin num="23" name="P23" type="passive"/>
        <pin num="24" name="P24" type="passive"/>
        <pin num="25" name="P25" type="passive"/>
        <pin num="26" name="P26" type="passive"/>
        <pin num="27" name="P27" type="passive"/>
        <pin num="28" name="P28" type="passive"/>
        <pin num="29" name="P29" type="passive"/>
        <pin num="30" name="P30" type="passive"/>
        <pin num="31" name="P31" type="passive"/>
        <pin num="32" name="P32" type="passive"/>
        <pin num="33" name="P33" type="passive"/>
        <pin num="34" name="P34" type="passive"/>
        <pin num="35" name="P35" type="passive"/>
        <pin num="36" name="P36" type="passive"/>
        <pin num="37" name="P37" type="passive"/>
        <pin num="38" name="P38" type="passive"/>
        <pin num="39" name="P39" type="passive"/>
        <pin num="40" name="P40" type="passive"/>
        <pin num="41" name="P41" type="passive"/>
        <pin num="42" name="P42" type="passive"/>
        <pin num="43" name="P43" type="passive"/>
        <pin num="44" name="P44" type="passive"/>
        <pin num="45" name="P45" type="passive"/>
        <pin num="46" name="P46" type="passive"/>
        <pin num="47" name="P47" type="passive"/>
        <pin num="48" name="P48" type="passive"/>
        <pin num="49" name="P49" type="passive"/>
        <pin num="50" name="P50" type="passive"/>
        <pin num="51" name="P51" type="passive"/>
        <pin num="52" name="P52" type="passive"/>
        <pin num="53" name="P53" type="passive"/>
        <pin num="54" name="P54" type="passive"/>
        <pin num="55" name="P55" type="passive"/>
        <pin num="56" name="P56" type="passive"/>
      </pins>
    </libpart>
    <libpart lib="device" part="C_Small">
      <description>Unpolarized capacitor</description>
      <footprints>
        <fp>C?</fp>
        <fp>C_????_*</fp>
        <fp>C_????</fp>
        <fp>SMD*_c</fp>
        <fp>Capacitor*</fp>
      </footprints>
      <fields>
        <field name="Reference">C</field>
        <field name="Value">C_Small</field>
      </fields>
      <pins>
        <pin num="1" name="~" type="passive"/>
        <pin num="2" name="~" type="passive"/>
      </pins>
    </libpart>
    <libpart lib="D-sub15(vga)" part="DB15_vga">
      <footprints>
        <fp>DB15*</fp>
      </footprints>
      <fields>
        <field name="Reference">J</field>
        <field name="Value">DB15_vga</field>
      </fields>
      <pins>
        <pin num="1" name="1" type="passive"/>
        <pin num="2" name="2" type="passive"/>
        <pin num="3" name="3" type="passive"/>
        <pin num="4" name="4" type="passive"/>
        <pin num="5" name="5" type="passive"/>
        <pin num="6" name="6" type="passive"/>
        <pin num="7" name="7" type="passive"/>
        <pin num="8" name="8" type="passive"/>
        <pin num="9" name="P9" type="passive"/>
        <pin num="10" name="P10" type="passive"/>
        <pin num="11" name="P111" type="passive"/>
        <pin num="12" name="P12" type="passive"/>
        <pin num="13" name="P13" type="passive"/>
        <pin num="14" name="P14" type="passive"/>
        <pin num="15" name="P15" type="passive"/>
        <pin num="17" name="gnd" type="passive"/>
        <pin num="18" name="gnd" type="passive"/>
      </pins>
    </libpart>
    <libpart lib="ADC_modul-cache" part="ISL21080">
      <fields>
        <field name="Reference">v</field>
        <field name="Value">ISL21080</field>
      </fields>
      <pins>
        <pin num="1" name="in" type="input"/>
        <pin num="2" name="out" type="output"/>
        <pin num="3" name="gnd" type="power_in"/>
      </pins>
    </libpart>
    <libpart lib="device" part="L_Core_Ferrite_Small">
      <description>Inductor with ferrite core, small symbol</description>
      <footprints>
        <fp>Choke_*</fp>
        <fp>*Coil*</fp>
      </footprints>
      <fields>
        <field name="Reference">L</field>
        <field name="Value">L_Core_Ferrite_Small</field>
      </fields>
      <pins>
        <pin num="1" name="~" type="passive"/>
        <pin num="2" name="~" type="passive"/>
      </pins>
    </libpart>
    <libpart lib="NCP705" part="NCP705">
      <fields>
        <field name="Reference">U</field>
        <field name="Value">NCP705</field>
        <field name="Footprint">MODULE</field>
        <field name="Datasheet">DOCUMENTATION</field>
      </fields>
      <pins>
        <pin num="1" name="V_out" type="output"/>
        <pin num="2" name="NC" type="NotConnected"/>
        <pin num="3" name="GND" type="power_in"/>
        <pin num="4" name="EN" type="input"/>
        <pin num="5" name="NC" type="NotConnected"/>
        <pin num="6" name="IN" type="input"/>
        <pin num="7" name="Gndd" type="input"/>
      </pins>
    </libpart>
    <libpart lib="device" part="R">
      <description>Resistor</description>
      <footprints>
        <fp>R_*</fp>
        <fp>Resistor_*</fp>
      </footprints>
      <fields>
        <field name="Reference">R</field>
        <field name="Value">R</field>
      </fields>
      <pins>
        <pin num="1" name="~" type="passive"/>
        <pin num="2" name="~" type="passive"/>
      </pins>
    </libpart>
    <libpart lib="device" part="R_Small">
      <description>Resistor, small symbol</description>
      <footprints>
        <fp>Resistor_*</fp>
        <fp>R_*</fp>
      </footprints>
      <fields>
        <field name="Reference">R</field>
        <field name="Value">R_Small</field>
      </fields>
      <pins>
        <pin num="1" name="~" type="passive"/>
        <pin num="2" name="~" type="passive"/>
      </pins>
    </libpart>
    <libpart lib="SN74LVC2G07" part="SN74LVC2G07">
      <fields>
        <field name="Reference">U</field>
        <field name="Value">SN74LVC2G07</field>
        <field name="Footprint">MODULE</field>
        <field name="Datasheet">DOCUMENTATION</field>
      </fields>
      <pins>
        <pin num="1" name="1A" type="input"/>
        <pin num="2" name="GND" type="power_in"/>
        <pin num="3" name="2A" type="input"/>
        <pin num="4" name="2Y" type="output"/>
        <pin num="5" name="VCC" type="power_in"/>
        <pin num="6" name="1Y" type="output"/>
      </pins>
    </libpart>
    <libpart lib="Si53306_1_!_4clk" part="Si53306_1_!_4clk">
      <fields>
        <field name="Reference">U</field>
        <field name="Value">Si53306_1_!_4clk</field>
        <field name="Footprint">MODULE</field>
        <field name="Datasheet">DOCUMENTATION</field>
      </fields>
      <pins>
        <pin num="1" name="Vdd" type="power_in"/>
        <pin num="2" name="CLK" type="input"/>
        <pin num="3" name="~CLK" type="input"/>
        <pin num="4" name="GND" type="power_in"/>
        <pin num="5" name="Vddo" type="power_in"/>
        <pin num="6" name="~Q3(-)" type="output"/>
        <pin num="7" name="Q3(+)" type="output"/>
        <pin num="8" name="SFOUT1" type="input"/>
        <pin num="9" name="~Q2" type="output"/>
        <pin num="10" name="Q2" type="output"/>
        <pin num="11" name="~Q1(-)" type="output"/>
        <pin num="12" name="Q18(+)" type="output"/>
        <pin num="13" name="SFOUT0" type="input"/>
        <pin num="14" name="~Q0(-)" type="output"/>
        <pin num="15" name="Q0(+)" type="output"/>
        <pin num="16" name="OE" type="input"/>
        <pin num="17" name="gnd_pad" type="power_in"/>
      </pins>
    </libpart>
    <libpart lib="transformer_6_" part="Transformer_6">
      <description>Transformer, single primary, split secondary</description>
      <fields>
        <field name="Reference">T</field>
        <field name="Value">Transformer_6</field>
      </fields>
      <pins>
        <pin num="1" name="prim" type="passive"/>
        <pin num="2" name="vcm" type="passive"/>
        <pin num="3" name="prim_dit" type="passive"/>
        <pin num="4" name="sec" type="passive"/>
        <pin num="5" name="NC" type="input"/>
        <pin num="6" name="sec_dot" type="passive"/>
      </pins>
    </libpart>
    <libpart lib="ADC_modul-cache" part="cr_oscillator">
      <fields>
        <field name="Reference">x</field>
        <field name="Value">cr_oscillator</field>
      </fields>
      <pins>
        <pin num="1" name="~disable" type="input"/>
        <pin num="2" name="GND" type="power_in"/>
        <pin num="3" name="out" type="output"/>
        <pin num="4" name="vcc" type="power_in"/>
      </pins>
    </libpart>
  </libparts>
  <libraries>
    <library logical="ADC_modul-cache">
      <uri>/home/mujo/Desktop/radarproj/ADC_modul/ADC_modul-cache.lib</uri>
    </library>
    <library logical="conn">
      <uri>/usr/share/kicad/library/conn.lib</uri>
    </library>
    <library logical="AD9648">
      <uri>/home/mujo/Desktop/radarproj/ADC_modul/AD9648.lib</uri>
    </library>
    <library logical="NCP705">
      <uri>/home/mujo/Desktop/radarproj/ADC_modul/NCP705.lib</uri>
    </library>
    <library logical="device">
      <uri>/usr/share/kicad/library/device.lib</uri>
    </library>
    <library logical="Si53306_1_!_4clk">
      <uri>/home/mujo/Desktop/radarproj/ADC_modul/Si53306_1_!_4clk.lib</uri>
    </library>
    <library logical="SN74LVC2G07">
      <uri>/home/mujo/Desktop/radarproj/ADC_modul/SN74LVC2G07.lib</uri>
    </library>
    <library logical="BUF602IDBVT">
      <uri>/home/mujo/Desktop/radarproj/ADC_modul/BUF602IDBVT.lib</uri>
    </library>
    <library logical="D-sub15(vga)">
      <uri>/home/mujo/Desktop/radarproj/ADC_modul/D-sub15(vga).lib</uri>
    </library>
    <library logical="transformer_6_">
      <uri>/home/mujo/Desktop/radarproj/ADC_modul/transformer_6_.lib</uri>
    </library>
  </libraries>
  <nets>
    <net code="1" name="Net-(C1-Pad1)">
      <node ref="U1" pin="3"/>
      <node ref="C1" pin="1"/>
      <node ref="R19" pin="1"/>
    </net>
    <net code="2" name="Net-(C19-Pad1)">
      <node ref="U1" pin="4"/>
      <node ref="C19" pin="1"/>
      <node ref="R19" pin="2"/>
    </net>
    <net code="3" name="Net-(R5-Pad2)">
      <node ref="U1" pin="1"/>
      <node ref="R5" pin="2"/>
    </net>
    <net code="4" name="Net-(P7-Pad2)">
      <node ref="x1" pin="1"/>
      <node ref="P7" pin="2"/>
    </net>
    <net code="5" name="Net-(P7-Pad1)">
      <node ref="R6" pin="1"/>
      <node ref="P7" pin="1"/>
    </net>
    <net code="6" name="Net-(P9-Pad5)">
      <node ref="U7" pin="43"/>
      <node ref="P9" pin="5"/>
    </net>
    <net code="7" name="Net-(P9-Pad47)">
      <node ref="U7" pin="3"/>
      <node ref="P9" pin="47"/>
    </net>
    <net code="8" name="Net-(P8-Pad49)">
      <node ref="U3" pin="3"/>
      <node ref="P8" pin="49"/>
    </net>
    <net code="9" name="Net-(R115-Pad2)">
      <node ref="U8" pin="3"/>
      <node ref="U8" pin="6"/>
      <node ref="U3" pin="44"/>
      <node ref="U7" pin="44"/>
      <node ref="R115" pin="2"/>
    </net>
    <net code="10" name="Net-(P8-Pad22)">
      <node ref="U3" pin="24"/>
      <node ref="P8" pin="22"/>
    </net>
    <net code="11" name="Net-(P9-Pad34)">
      <node ref="U7" pin="17"/>
      <node ref="P9" pin="34"/>
    </net>
    <net code="12" name="Net-(P9-Pad24)">
      <node ref="P9" pin="24"/>
      <node ref="U7" pin="22"/>
    </net>
    <net code="13" name="Net-(P8-Pad5)">
      <node ref="U3" pin="43"/>
      <node ref="P8" pin="5"/>
    </net>
    <net code="14" name="Net-(P9-Pad16)">
      <node ref="U7" pin="31"/>
      <node ref="P9" pin="16"/>
    </net>
    <net code="15" name="Net-(P9-Pad15)">
      <node ref="P9" pin="15"/>
      <node ref="U7" pin="32"/>
    </net>
    <net code="16" name="Net-(R16-Pad2)">
      <node ref="R16" pin="2"/>
      <node ref="R9" pin="2"/>
      <node ref="T3" pin="4"/>
    </net>
    <net code="17" name="Net-(R10-Pad2)">
      <node ref="T4" pin="4"/>
      <node ref="R10" pin="2"/>
      <node ref="R18" pin="2"/>
    </net>
    <net code="18" name="Net-(R10-Pad1)">
      <node ref="R17" pin="2"/>
      <node ref="R10" pin="1"/>
      <node ref="T4" pin="6"/>
    </net>
    <net code="19" name="/VCM2">
      <node ref="L4" pin="1"/>
      <node ref="C31" pin="2"/>
      <node ref="L5" pin="1"/>
    </net>
    <net code="20" name="Net-(R15-Pad2)">
      <node ref="R9" pin="1"/>
      <node ref="T3" pin="6"/>
      <node ref="R15" pin="2"/>
    </net>
    <net code="21" name="Net-(R14-Pad2)">
      <node ref="T2" pin="4"/>
      <node ref="R8" pin="2"/>
      <node ref="R14" pin="2"/>
    </net>
    <net code="22" name="Net-(R13-Pad2)">
      <node ref="R13" pin="2"/>
      <node ref="R8" pin="1"/>
      <node ref="T2" pin="6"/>
    </net>
    <net code="23" name="Net-(R95-Pad2)">
      <node ref="R95" pin="2"/>
      <node ref="U7" pin="58"/>
    </net>
    <net code="24" name="Net-(R52-Pad2)">
      <node ref="R52" pin="2"/>
      <node ref="U3" pin="58"/>
    </net>
    <net code="25" name="/VCM1">
      <node ref="L2" pin="1"/>
      <node ref="C30" pin="2"/>
      <node ref="L3" pin="1"/>
    </net>
    <net code="26" name="/1_D13A">
      <node ref="U7" pin="42"/>
      <node ref="P9" pin="6"/>
    </net>
    <net code="27" name="Net-(P9-Pad33)">
      <node ref="P9" pin="33"/>
      <node ref="U7" pin="18"/>
    </net>
    <net code="28" name="/1_D12A">
      <node ref="P9" pin="7"/>
      <node ref="U7" pin="41"/>
    </net>
    <net code="29" name="/1_D5A">
      <node ref="P9" pin="14"/>
      <node ref="U7" pin="33"/>
    </net>
    <net code="30" name="/1_D6A">
      <node ref="U7" pin="34"/>
      <node ref="P9" pin="13"/>
    </net>
    <net code="31" name="/1_D7A">
      <node ref="U7" pin="35"/>
      <node ref="P9" pin="12"/>
    </net>
    <net code="32" name="/1_D8A">
      <node ref="U7" pin="36"/>
      <node ref="P9" pin="11"/>
    </net>
    <net code="33" name="/1_D9A">
      <node ref="P9" pin="10"/>
      <node ref="U7" pin="38"/>
    </net>
    <net code="34" name="/1_D10A">
      <node ref="U7" pin="39"/>
      <node ref="P9" pin="9"/>
    </net>
    <net code="35" name="/1_D11A">
      <node ref="U7" pin="40"/>
      <node ref="P9" pin="8"/>
    </net>
    <net code="36" name="Net-(P8-Pad31)">
      <node ref="U3" pin="21"/>
      <node ref="P8" pin="31"/>
    </net>
    <net code="37" name="Net-(P8-Pad33)">
      <node ref="P8" pin="33"/>
      <node ref="U3" pin="18"/>
    </net>
    <net code="38" name="Net-(C5-Pad2)">
      <node ref="x1" pin="3"/>
      <node ref="C5" pin="2"/>
    </net>
    <net code="39" name="+3V3">
      <node ref="R6" pin="2"/>
      <node ref="C2" pin="2"/>
      <node ref="x1" pin="4"/>
      <node ref="P9" pin="32"/>
      <node ref="C4" pin="2"/>
      <node ref="C63" pin="1"/>
      <node ref="L7" pin="1"/>
      <node ref="v1" pin="1"/>
      <node ref="L8" pin="1"/>
      <node ref="v2" pin="1"/>
      <node ref="U1" pin="5"/>
      <node ref="P8" pin="26"/>
      <node ref="C20" pin="1"/>
      <node ref="P8" pin="25"/>
      <node ref="C6" pin="2"/>
      <node ref="P9" pin="31"/>
      <node ref="C7" pin="2"/>
      <node ref="C65" pin="1"/>
      <node ref="C17" pin="2"/>
      <node ref="U2" pin="1"/>
      <node ref="U2" pin="5"/>
      <node ref="U2" pin="16"/>
      <node ref="C64" pin="1"/>
      <node ref="L6" pin="1"/>
    </net>
    <net code="40" name="Net-(C3-Pad1)">
      <node ref="R20" pin="2"/>
      <node ref="C3" pin="1"/>
    </net>
    <net code="41" name="Net-(C3-Pad2)">
      <node ref="C3" pin="2"/>
      <node ref="P6" pin="1"/>
    </net>
    <net code="42" name="Net-(C5-Pad1)">
      <node ref="R23" pin="2"/>
      <node ref="C5" pin="1"/>
    </net>
    <net code="43" name="Net-(C21-Pad1)">
      <node ref="R28" pin="1"/>
      <node ref="P8" pin="40"/>
      <node ref="C21" pin="1"/>
    </net>
    <net code="44" name="Net-(C70-Pad1)">
      <node ref="P8" pin="39"/>
      <node ref="R28" pin="2"/>
      <node ref="C70" pin="1"/>
    </net>
    <net code="45" name="Net-(P9-Pad25)">
      <node ref="U7" pin="21"/>
      <node ref="P9" pin="25"/>
    </net>
    <net code="46" name="Net-(P9-Pad26)">
      <node ref="P9" pin="26"/>
      <node ref="U7" pin="20"/>
    </net>
    <net code="47" name="Net-(P9-Pad23)">
      <node ref="P9" pin="23"/>
      <node ref="U7" pin="23"/>
    </net>
    <net code="48" name="Net-(P9-Pad22)">
      <node ref="U7" pin="24"/>
      <node ref="P9" pin="22"/>
    </net>
    <net code="49" name="Net-(P9-Pad21)">
      <node ref="P9" pin="21"/>
      <node ref="U7" pin="25"/>
    </net>
    <net code="50" name="Net-(P9-Pad20)">
      <node ref="U7" pin="26"/>
      <node ref="P9" pin="20"/>
    </net>
    <net code="51" name="Net-(U2-Pad12)">
      <node ref="U2" pin="12"/>
    </net>
    <net code="52" name="Net-(U2-Pad11)">
      <node ref="U2" pin="11"/>
    </net>
    <net code="53" name="Net-(U5-Pad5)">
      <node ref="U5" pin="5"/>
    </net>
    <net code="54" name="Net-(U5-Pad2)">
      <node ref="U5" pin="2"/>
    </net>
    <net code="55" name="Net-(U6-Pad5)">
      <node ref="U6" pin="5"/>
    </net>
    <net code="56" name="Net-(U6-Pad2)">
      <node ref="U6" pin="2"/>
    </net>
    <net code="57" name="GND">
      <node ref="J1" pin="10"/>
      <node ref="C43" pin="2"/>
      <node ref="C44" pin="2"/>
      <node ref="J1" pin="6"/>
      <node ref="C54" pin="1"/>
      <node ref="C55" pin="1"/>
      <node ref="C56" pin="1"/>
      <node ref="C25" pin="1"/>
      <node ref="C11" pin="2"/>
      <node ref="C27" pin="1"/>
      <node ref="C24" pin="1"/>
      <node ref="U7" pin="47"/>
      <node ref="C59" pin="1"/>
      <node ref="U4" pin="3"/>
      <node ref="U4" pin="7"/>
      <node ref="C28" pin="1"/>
      <node ref="C9" pin="2"/>
      <node ref="C57" pin="1"/>
      <node ref="C42" pin="2"/>
      <node ref="U7" pin="65"/>
      <node ref="J1" pin="18"/>
      <node ref="J1" pin="17"/>
      <node ref="U7" pin="56"/>
      <node ref="C10" pin="2"/>
      <node ref="U7" pin="48"/>
      <node ref="C69" pin="1"/>
      <node ref="C58" pin="1"/>
      <node ref="C39" pin="2"/>
      <node ref="C40" pin="2"/>
      <node ref="C41" pin="2"/>
      <node ref="U3" pin="65"/>
      <node ref="C1" pin="2"/>
      <node ref="C38" pin="2"/>
      <node ref="U3" pin="56"/>
      <node ref="C60" pin="1"/>
      <node ref="C61" pin="1"/>
      <node ref="U1" pin="2"/>
      <node ref="P2" pin="2"/>
      <node ref="C23" pin="1"/>
      <node ref="P3" pin="2"/>
      <node ref="R4" pin="2"/>
      <node ref="P4" pin="2"/>
      <node ref="C20" pin="2"/>
      <node ref="R3" pin="2"/>
      <node ref="U3" pin="48"/>
      <node ref="R2" pin="2"/>
      <node ref="P6" pin="2"/>
      <node ref="C14" pin="2"/>
      <node ref="C22" pin="1"/>
      <node ref="P1" pin="2"/>
      <node ref="R1" pin="2"/>
      <node ref="P8" pin="27"/>
      <node ref="P8" pin="28"/>
      <node ref="R95" pin="1"/>
      <node ref="C2" pin="1"/>
      <node ref="R52" pin="1"/>
      <node ref="C12" pin="2"/>
      <node ref="x1" pin="2"/>
      <node ref="C37" pin="1"/>
      <node ref="C48" pin="2"/>
      <node ref="C53" pin="2"/>
      <node ref="C52" pin="2"/>
      <node ref="C18" pin="1"/>
      <node ref="C51" pin="2"/>
      <node ref="C50" pin="2"/>
      <node ref="C49" pin="2"/>
      <node ref="C6" pin="1"/>
      <node ref="v2" pin="3"/>
      <node ref="C47" pin="2"/>
      <node ref="C46" pin="2"/>
      <node ref="U3" pin="47"/>
      <node ref="C13" pin="2"/>
      <node ref="C65" pin="2"/>
      <node ref="C31" pin="1"/>
      <node ref="v1" pin="3"/>
      <node ref="P7" pin="3"/>
      <node ref="C8" pin="1"/>
      <node ref="C64" pin="2"/>
      <node ref="C17" pin="1"/>
      <node ref="C30" pin="1"/>
      <node ref="R21" pin="2"/>
      <node ref="P9" pin="29"/>
      <node ref="P9" pin="30"/>
      <node ref="C16" pin="2"/>
      <node ref="C15" pin="2"/>
      <node ref="C36" pin="1"/>
      <node ref="C7" pin="1"/>
      <node ref="C63" pin="2"/>
      <node ref="C45" pin="1"/>
      <node ref="C4" pin="1"/>
      <node ref="U8" pin="2"/>
      <node ref="U6" pin="7"/>
      <node ref="U5" pin="3"/>
      <node ref="U5" pin="7"/>
      <node ref="T4" pin="3"/>
      <node ref="C71" pin="2"/>
      <node ref="T3" pin="1"/>
      <node ref="P5" pin="2"/>
      <node ref="U6" pin="3"/>
      <node ref="T1" pin="1"/>
      <node ref="T2" pin="3"/>
      <node ref="C72" pin="2"/>
      <node ref="U2" pin="13"/>
      <node ref="U2" pin="8"/>
      <node ref="U2" pin="17"/>
      <node ref="C62" pin="2"/>
      <node ref="U2" pin="4"/>
      <node ref="C67" pin="2"/>
      <node ref="C26" pin="1"/>
      <node ref="C29" pin="1"/>
      <node ref="C68" pin="2"/>
      <node ref="C66" pin="2"/>
    </net>
    <net code="59" name="Net-(J1-Pad12)">
      <node ref="P8" pin="56"/>
      <node ref="J1" pin="12"/>
    </net>
    <net code="60" name="Net-(J1-Pad11)">
      <node ref="J1" pin="11"/>
      <node ref="P8" pin="50"/>
    </net>
    <net code="61" name="/Q0-">
      <node ref="U2" pin="14"/>
      <node ref="C70" pin="2"/>
    </net>
    <net code="62" name="/Q0+">
      <node ref="U2" pin="15"/>
      <node ref="C21" pin="2"/>
    </net>
    <net code="63" name="/Q3-">
      <node ref="C35" pin="2"/>
      <node ref="U2" pin="6"/>
    </net>
    <net code="64" name="/Q3+">
      <node ref="C34" pin="2"/>
      <node ref="U2" pin="7"/>
    </net>
    <net code="65" name="Net-(P11-Pad2)">
      <node ref="P11" pin="2"/>
    </net>
    <net code="66" name="Net-(U4-Pad5)">
      <node ref="U4" pin="5"/>
    </net>
    <net code="67" name="Net-(U4-Pad2)">
      <node ref="U4" pin="2"/>
    </net>
    <net code="68" name="Net-(P18-Pad2)">
      <node ref="P18" pin="2"/>
    </net>
    <net code="69" name="Net-(P18-Pad1)">
      <node ref="P18" pin="1"/>
    </net>
    <net code="70" name="Net-(P17-Pad2)">
      <node ref="P17" pin="2"/>
    </net>
    <net code="71" name="Net-(P17-Pad1)">
      <node ref="P17" pin="1"/>
    </net>
    <net code="72" name="Net-(P16-Pad2)">
      <node ref="P16" pin="2"/>
    </net>
    <net code="73" name="Net-(P16-Pad1)">
      <node ref="P16" pin="1"/>
    </net>
    <net code="74" name="Net-(P9-Pad19)">
      <node ref="P9" pin="19"/>
      <node ref="U7" pin="27"/>
    </net>
    <net code="75" name="Net-(P11-Pad1)">
      <node ref="P11" pin="1"/>
    </net>
    <net code="76" name="VDD">
      <node ref="C46" pin="1"/>
      <node ref="U3" pin="19"/>
      <node ref="U3" pin="37"/>
      <node ref="R116" pin="1"/>
      <node ref="P8" pin="30"/>
      <node ref="R114" pin="1"/>
      <node ref="U3" pin="28"/>
      <node ref="C44" pin="1"/>
      <node ref="U8" pin="5"/>
      <node ref="C48" pin="1"/>
      <node ref="R76" pin="1"/>
      <node ref="C53" pin="1"/>
      <node ref="C52" pin="1"/>
      <node ref="C51" pin="1"/>
      <node ref="C50" pin="1"/>
      <node ref="C49" pin="1"/>
      <node ref="C47" pin="1"/>
      <node ref="P9" pin="27"/>
      <node ref="P8" pin="29"/>
      <node ref="P9" pin="28"/>
      <node ref="U5" pin="1"/>
      <node ref="U3" pin="10"/>
      <node ref="U7" pin="10"/>
      <node ref="U7" pin="19"/>
      <node ref="R34" pin="1"/>
      <node ref="R115" pin="1"/>
      <node ref="U7" pin="28"/>
      <node ref="C69" pin="2"/>
      <node ref="U7" pin="37"/>
      <node ref="C45" pin="2"/>
    </net>
    <net code="77" name="Net-(J1-Pad15)">
      <node ref="J1" pin="15"/>
      <node ref="P9" pin="56"/>
    </net>
    <net code="78" name="Net-(J1-Pad14)">
      <node ref="P8" pin="52"/>
      <node ref="J1" pin="14"/>
    </net>
    <net code="79" name="Net-(J1-Pad9)">
      <node ref="P9" pin="55"/>
      <node ref="J1" pin="9"/>
    </net>
    <net code="80" name="Net-(J1-Pad8)">
      <node ref="P8" pin="51"/>
      <node ref="J1" pin="8"/>
    </net>
    <net code="81" name="Net-(J1-Pad7)">
      <node ref="J1" pin="7"/>
      <node ref="P9" pin="48"/>
    </net>
    <net code="82" name="Net-(J1-Pad5)">
      <node ref="J1" pin="5"/>
      <node ref="P9" pin="53"/>
    </net>
    <net code="83" name="Net-(J1-Pad4)">
      <node ref="J1" pin="4"/>
      <node ref="P9" pin="54"/>
    </net>
    <net code="84" name="Net-(P13-Pad1)">
      <node ref="P13" pin="1"/>
    </net>
    <net code="85" name="Net-(J1-Pad3)">
      <node ref="J1" pin="3"/>
      <node ref="P9" pin="52"/>
    </net>
    <net code="86" name="Net-(J1-Pad2)">
      <node ref="P9" pin="51"/>
      <node ref="J1" pin="2"/>
    </net>
    <net code="87" name="Net-(J1-Pad1)">
      <node ref="P9" pin="50"/>
      <node ref="J1" pin="1"/>
    </net>
    <net code="88" name="Net-(P14-Pad1)">
      <node ref="P14" pin="1"/>
    </net>
    <net code="89" name="Net-(P12-Pad1)">
      <node ref="P12" pin="1"/>
    </net>
    <net code="90" name="Net-(P10-Pad1)">
      <node ref="P10" pin="1"/>
    </net>
    <net code="91" name="Net-(P8-Pad34)">
      <node ref="U3" pin="17"/>
      <node ref="P8" pin="34"/>
    </net>
    <net code="92" name="Net-(P8-Pad32)">
      <node ref="U3" pin="20"/>
      <node ref="P8" pin="32"/>
    </net>
    <net code="93" name="Net-(P8-Pad24)">
      <node ref="U3" pin="22"/>
      <node ref="P8" pin="24"/>
    </net>
    <net code="94" name="Net-(J1-Pad13)">
      <node ref="J1" pin="13"/>
      <node ref="P8" pin="53"/>
    </net>
    <net code="95" name="Net-(P8-Pad16)">
      <node ref="U3" pin="31"/>
      <node ref="P8" pin="16"/>
    </net>
    <net code="96" name="Net-(P8-Pad55)">
      <node ref="P8" pin="55"/>
    </net>
    <net code="97" name="Net-(P8-Pad15)">
      <node ref="U3" pin="32"/>
      <node ref="P8" pin="15"/>
    </net>
    <net code="98" name="Net-(P8-Pad54)">
      <node ref="P8" pin="54"/>
    </net>
    <net code="99" name="Net-(P8-Pad23)">
      <node ref="U3" pin="23"/>
      <node ref="P8" pin="23"/>
    </net>
    <net code="100" name="Net-(P8-Pad21)">
      <node ref="P8" pin="21"/>
      <node ref="U3" pin="25"/>
    </net>
    <net code="101" name="Net-(P9-Pad18)">
      <node ref="P9" pin="18"/>
      <node ref="U7" pin="29"/>
    </net>
    <net code="102" name="Net-(P9-Pad17)">
      <node ref="P9" pin="17"/>
      <node ref="U7" pin="30"/>
    </net>
    <net code="103" name="Net-(P8-Pad19)">
      <node ref="U3" pin="27"/>
      <node ref="P8" pin="19"/>
    </net>
    <net code="104" name="Net-(P8-Pad17)">
      <node ref="P8" pin="17"/>
      <node ref="U3" pin="30"/>
    </net>
    <net code="105" name="Net-(P8-Pad18)">
      <node ref="P8" pin="18"/>
      <node ref="U3" pin="29"/>
    </net>
    <net code="106" name="Net-(P8-Pad20)">
      <node ref="P8" pin="20"/>
      <node ref="U3" pin="26"/>
    </net>
    <net code="107" name="Net-(P8-Pad3)">
      <node ref="P8" pin="3"/>
    </net>
    <net code="108" name="Net-(P8-Pad2)">
      <node ref="P8" pin="2"/>
    </net>
    <net code="109" name="VCC">
      <node ref="U3" pin="59"/>
      <node ref="U3" pin="60"/>
      <node ref="U3" pin="54"/>
      <node ref="U3" pin="63"/>
      <node ref="U3" pin="53"/>
      <node ref="U3" pin="64"/>
      <node ref="U3" pin="50"/>
      <node ref="U3" pin="49"/>
      <node ref="C71" pin="1"/>
      <node ref="C38" pin="1"/>
      <node ref="C41" pin="1"/>
      <node ref="C39" pin="1"/>
      <node ref="C43" pin="1"/>
      <node ref="C40" pin="1"/>
      <node ref="U6" pin="1"/>
    </net>
    <net code="110" name="/CLK_1-">
      <node ref="R32" pin="2"/>
      <node ref="C33" pin="1"/>
    </net>
    <net code="111" name="/Q2-">
      <node ref="U2" pin="9"/>
      <node ref="C33" pin="2"/>
    </net>
    <net code="112" name="/Q2+">
      <node ref="U2" pin="10"/>
      <node ref="C32" pin="2"/>
    </net>
    <net code="113" name="/CLK_1+">
      <node ref="C32" pin="1"/>
      <node ref="R32" pin="1"/>
    </net>
    <net code="114" name="/CLK_2-">
      <node ref="C35" pin="1"/>
      <node ref="R33" pin="2"/>
    </net>
    <net code="115" name="Net-(C55-Pad2)">
      <node ref="C55" pin="2"/>
      <node ref="C58" pin="2"/>
      <node ref="U6" pin="4"/>
      <node ref="L7" pin="2"/>
      <node ref="U6" pin="6"/>
    </net>
    <net code="116" name="Net-(C56-Pad2)">
      <node ref="U5" pin="4"/>
      <node ref="C56" pin="2"/>
      <node ref="L8" pin="2"/>
      <node ref="C59" pin="2"/>
      <node ref="U5" pin="6"/>
    </net>
    <net code="117" name="Net-(L5-Pad2)">
      <node ref="R27" pin="1"/>
      <node ref="L5" pin="2"/>
    </net>
    <net code="118" name="Net-(L4-Pad2)">
      <node ref="L4" pin="2"/>
      <node ref="R26" pin="1"/>
    </net>
    <net code="119" name="Net-(C36-Pad2)">
      <node ref="C37" pin="2"/>
      <node ref="U3" pin="55"/>
      <node ref="C36" pin="2"/>
    </net>
    <net code="120" name="Net-(L2-Pad2)">
      <node ref="L2" pin="2"/>
      <node ref="R24" pin="1"/>
    </net>
    <net code="121" name="Net-(L3-Pad2)">
      <node ref="R25" pin="1"/>
      <node ref="L3" pin="2"/>
    </net>
    <net code="122" name="Net-(C25-Pad2)">
      <node ref="C25" pin="2"/>
      <node ref="R27" pin="2"/>
      <node ref="T4" pin="2"/>
      <node ref="C29" pin="2"/>
    </net>
    <net code="123" name="Net-(C24-Pad2)">
      <node ref="R26" pin="2"/>
      <node ref="C28" pin="2"/>
      <node ref="T3" pin="2"/>
      <node ref="C24" pin="2"/>
    </net>
    <net code="124" name="/CLK_1-">
      <node ref="U7" pin="2"/>
    </net>
    <net code="125" name="/CLK_1+">
      <node ref="U7" pin="1"/>
    </net>
    <net code="126" name="/VCM2">
      <node ref="U3" pin="57"/>
    </net>
    <net code="127" name="/CLK_2-">
      <node ref="U3" pin="2"/>
    </net>
    <net code="128" name="/CLK_2+">
      <node ref="U3" pin="1"/>
    </net>
    <net code="129" name="Net-(C23-Pad2)">
      <node ref="C27" pin="2"/>
      <node ref="C23" pin="2"/>
      <node ref="R25" pin="2"/>
      <node ref="T2" pin="2"/>
    </net>
    <net code="130" name="Net-(C22-Pad2)">
      <node ref="R24" pin="2"/>
      <node ref="T1" pin="2"/>
      <node ref="C22" pin="2"/>
      <node ref="C26" pin="2"/>
    </net>
    <net code="131" name="/2_BIN+">
      <node ref="U3" pin="62"/>
    </net>
    <net code="132" name="/2_AIN-">
      <node ref="U3" pin="52"/>
    </net>
    <net code="133" name="/2_BIN-">
      <node ref="U3" pin="61"/>
    </net>
    <net code="134" name="/2_AIN+">
      <node ref="U3" pin="51"/>
    </net>
    <net code="135" name="Net-(C60-Pad2)">
      <node ref="U7" pin="55"/>
      <node ref="C61" pin="2"/>
      <node ref="C60" pin="2"/>
    </net>
    <net code="136" name="Net-(C18-Pad2)">
      <node ref="C18" pin="2"/>
      <node ref="U2" pin="3"/>
      <node ref="v2" pin="2"/>
    </net>
    <net code="137" name="VDDA">
      <node ref="U7" pin="50"/>
      <node ref="C68" pin="1"/>
      <node ref="U7" pin="60"/>
      <node ref="C66" pin="1"/>
      <node ref="C67" pin="1"/>
      <node ref="U7" pin="59"/>
      <node ref="C72" pin="1"/>
      <node ref="C42" pin="1"/>
      <node ref="U7" pin="49"/>
      <node ref="U7" pin="54"/>
      <node ref="U7" pin="64"/>
      <node ref="U4" pin="1"/>
      <node ref="C62" pin="1"/>
      <node ref="U7" pin="63"/>
      <node ref="U7" pin="53"/>
    </net>
    <net code="138" name="/1_BIN+">
      <node ref="U7" pin="62"/>
    </net>
    <net code="139" name="/1_AIN-">
      <node ref="U7" pin="52"/>
    </net>
    <net code="140" name="/1_BIN-">
      <node ref="U7" pin="61"/>
    </net>
    <net code="141" name="/1_AIN+">
      <node ref="U7" pin="51"/>
    </net>
    <net code="142" name="/VCM1">
      <node ref="U7" pin="57"/>
    </net>
    <net code="143" name="Net-(T3-Pad5)">
      <node ref="T3" pin="5"/>
    </net>
    <net code="144" name="Net-(T2-Pad5)">
      <node ref="T2" pin="5"/>
    </net>
    <net code="145" name="Net-(R11-Pad2)">
      <node ref="T1" pin="6"/>
      <node ref="R7" pin="1"/>
      <node ref="R11" pin="2"/>
    </net>
    <net code="146" name="Net-(T1-Pad5)">
      <node ref="T1" pin="5"/>
    </net>
    <net code="147" name="Net-(R12-Pad2)">
      <node ref="T1" pin="4"/>
      <node ref="R7" pin="2"/>
      <node ref="R12" pin="2"/>
    </net>
    <net code="148" name="/1_D8B">
      <node ref="P9" pin="36"/>
      <node ref="U7" pin="15"/>
    </net>
    <net code="149" name="/2_D13A">
      <node ref="U3" pin="42"/>
      <node ref="P8" pin="6"/>
    </net>
    <net code="150" name="Net-(P9-Pad4)">
      <node ref="P9" pin="4"/>
    </net>
    <net code="151" name="Net-(T4-Pad5)">
      <node ref="T4" pin="5"/>
    </net>
    <net code="152" name="/2_D7A">
      <node ref="U3" pin="35"/>
      <node ref="P8" pin="12"/>
    </net>
    <net code="153" name="/2_D6A">
      <node ref="U3" pin="34"/>
      <node ref="P8" pin="13"/>
    </net>
    <net code="154" name="/2_D5A">
      <node ref="P8" pin="14"/>
      <node ref="U3" pin="33"/>
    </net>
    <net code="155" name="/2_D8A">
      <node ref="U3" pin="36"/>
      <node ref="P8" pin="11"/>
    </net>
    <net code="156" name="/2_BIN+">
      <node ref="R18" pin="1"/>
      <node ref="C16" pin="1"/>
    </net>
    <net code="157" name="/2_D12A">
      <node ref="U3" pin="41"/>
      <node ref="P8" pin="7"/>
    </net>
    <net code="158" name="/2_D11A">
      <node ref="U3" pin="40"/>
      <node ref="P8" pin="8"/>
    </net>
    <net code="159" name="/2_D10A">
      <node ref="P8" pin="9"/>
      <node ref="U3" pin="39"/>
    </net>
    <net code="160" name="/2_D9A">
      <node ref="U3" pin="38"/>
      <node ref="P8" pin="10"/>
    </net>
    <net code="161" name="Net-(P4-Pad1)">
      <node ref="P4" pin="1"/>
      <node ref="T4" pin="1"/>
      <node ref="R4" pin="1"/>
    </net>
    <net code="162" name="Net-(P3-Pad1)">
      <node ref="T3" pin="3"/>
      <node ref="P3" pin="1"/>
      <node ref="R3" pin="1"/>
    </net>
    <net code="163" name="Net-(P2-Pad1)">
      <node ref="T2" pin="1"/>
      <node ref="P2" pin="1"/>
      <node ref="R2" pin="1"/>
    </net>
    <net code="164" name="/CLK_2+">
      <node ref="C34" pin="1"/>
      <node ref="R33" pin="1"/>
    </net>
    <net code="165" name="Net-(P1-Pad1)">
      <node ref="P1" pin="1"/>
      <node ref="R1" pin="1"/>
      <node ref="T1" pin="3"/>
    </net>
    <net code="166" name="Net-(P9-Pad49)">
      <node ref="P9" pin="49"/>
    </net>
    <net code="167" name="/2_BIN-">
      <node ref="R17" pin="1"/>
      <node ref="C15" pin="1"/>
    </net>
    <net code="168" name="/1_D0(16bit)">
      <node ref="P9" pin="46"/>
      <node ref="U7" pin="4"/>
    </net>
    <net code="169" name="/2_D1(16bit)">
      <node ref="U3" pin="5"/>
      <node ref="P8" pin="47"/>
    </net>
    <net code="170" name="/2_D0(16bit)">
      <node ref="U3" pin="4"/>
      <node ref="P8" pin="48"/>
    </net>
    <net code="171" name="/2_D9B">
      <node ref="P8" pin="35"/>
      <node ref="U3" pin="16"/>
    </net>
    <net code="172" name="/2_D8B">
      <node ref="U3" pin="15"/>
      <node ref="P8" pin="36"/>
    </net>
    <net code="173" name="/2_D7B">
      <node ref="U3" pin="14"/>
      <node ref="P8" pin="37"/>
    </net>
    <net code="174" name="/2_D6B">
      <node ref="P8" pin="38"/>
      <node ref="U3" pin="13"/>
    </net>
    <net code="175" name="/2_D5B">
      <node ref="P8" pin="41"/>
      <node ref="U3" pin="12"/>
    </net>
    <net code="176" name="/2_D4B">
      <node ref="U3" pin="11"/>
      <node ref="P8" pin="42"/>
    </net>
    <net code="177" name="/2_D3B">
      <node ref="P8" pin="43"/>
      <node ref="U3" pin="9"/>
    </net>
    <net code="178" name="/2_D2B">
      <node ref="U3" pin="8"/>
      <node ref="P8" pin="44"/>
    </net>
    <net code="179" name="/2_D1B">
      <node ref="P8" pin="45"/>
      <node ref="U3" pin="7"/>
    </net>
    <net code="180" name="/2_D0B">
      <node ref="P8" pin="46"/>
      <node ref="U3" pin="6"/>
    </net>
    <net code="181" name="Net-(C54-Pad2)">
      <node ref="U4" pin="4"/>
      <node ref="U4" pin="6"/>
      <node ref="C54" pin="2"/>
      <node ref="L6" pin="2"/>
      <node ref="C57" pin="2"/>
    </net>
    <net code="182" name="Net-(P5-Pad1)">
      <node ref="R5" pin="1"/>
      <node ref="P5" pin="1"/>
    </net>
    <net code="183" name="Net-(L1-Pad2)">
      <node ref="R22" pin="1"/>
      <node ref="L1" pin="2"/>
    </net>
    <net code="184" name="/2_AIN-">
      <node ref="R16" pin="1"/>
      <node ref="C14" pin="1"/>
    </net>
    <net code="185" name="/2_AIN+">
      <node ref="C13" pin="1"/>
      <node ref="R15" pin="1"/>
    </net>
    <net code="186" name="/1_BIN+">
      <node ref="R14" pin="1"/>
      <node ref="C12" pin="1"/>
    </net>
    <net code="187" name="/1_BIN-">
      <node ref="R13" pin="1"/>
      <node ref="C11" pin="1"/>
    </net>
    <net code="188" name="/1_AIN-">
      <node ref="R12" pin="1"/>
      <node ref="C10" pin="1"/>
    </net>
    <net code="189" name="/1_AIN+">
      <node ref="R11" pin="1"/>
      <node ref="C9" pin="1"/>
    </net>
    <net code="190" name="/1_D1B">
      <node ref="P9" pin="43"/>
      <node ref="U7" pin="7"/>
    </net>
    <net code="191" name="/1_D4B">
      <node ref="P9" pin="40"/>
      <node ref="U7" pin="11"/>
    </net>
    <net code="192" name="/1_D3B">
      <node ref="P9" pin="41"/>
      <node ref="U7" pin="9"/>
    </net>
    <net code="193" name="/1_D2B">
      <node ref="U7" pin="8"/>
      <node ref="P9" pin="42"/>
    </net>
    <net code="194" name="/1_D0B">
      <node ref="P9" pin="44"/>
      <node ref="U7" pin="6"/>
    </net>
    <net code="195" name="/1_D1(16bit)">
      <node ref="U7" pin="5"/>
      <node ref="P9" pin="45"/>
    </net>
    <net code="196" name="/1_D9B">
      <node ref="P9" pin="35"/>
      <node ref="U7" pin="16"/>
    </net>
    <net code="197" name="/1_D7B">
      <node ref="U7" pin="14"/>
      <node ref="P9" pin="37"/>
    </net>
    <net code="198" name="/1_D6B">
      <node ref="U7" pin="13"/>
      <node ref="P9" pin="38"/>
    </net>
    <net code="199" name="/1_D5B">
      <node ref="P9" pin="39"/>
      <node ref="U7" pin="12"/>
    </net>
    <net code="200" name="Net-(C8-Pad2)">
      <node ref="v1" pin="2"/>
      <node ref="C8" pin="2"/>
      <node ref="R22" pin="2"/>
    </net>
    <net code="201" name="Net-(C19-Pad2)">
      <node ref="R23" pin="1"/>
      <node ref="U2" pin="2"/>
      <node ref="C19" pin="2"/>
      <node ref="R21" pin="1"/>
      <node ref="R20" pin="1"/>
      <node ref="L1" pin="1"/>
    </net>
    <net code="202" name="/cs2">
      <node ref="R76" pin="2"/>
      <node ref="P8" pin="1"/>
      <node ref="U3" pin="46"/>
    </net>
    <net code="203" name="/cs1">
      <node ref="R114" pin="2"/>
      <node ref="P9" pin="2"/>
      <node ref="U7" pin="46"/>
    </net>
    <net code="204" name="/sdo">
      <node ref="R116" pin="2"/>
      <node ref="P8" pin="4"/>
      <node ref="U8" pin="4"/>
    </net>
    <net code="205" name="/sdi">
      <node ref="U8" pin="1"/>
      <node ref="R34" pin="2"/>
      <node ref="P9" pin="3"/>
    </net>
    <net code="206" name="/sclk">
      <node ref="U3" pin="45"/>
      <node ref="U7" pin="45"/>
      <node ref="P9" pin="1"/>
    </net>
  </nets>
</export>
