Št. postavke,Številka naročila,Skladnost z direktivo RoHS?,Opombe,Količina,Proizvajalčeva številka dela,Ime proizvajalca,Proizvajalec / opis,Razpolozljivost,Cena na enoto,Cena postavke,Cena s popustom
1,2464325,YES,,8.0,"NCP705MT18TCG",ON SEMICONDUCTOR,"Output Type:Fixed; Input Voltage Min:2.5V; Input Voltage Max:5.5V; Fixed Output Voltage Nom.:1.8V; Adjustable Output Voltage Min:-; Adjustable Output Voltage Max:-; Output Current:500mA;",2729,0.9590,7.67,,
2,2454986,YES,,6.0,"SDE0805A-101K",BOURNS,"Product Range:SDE0805A Series; Inductance:100µH; RMS Current (Irms):1.1A; Saturation Current (Isat):900mA; Inductor Construction:Unshielded; DC Resistance Max:0.43ohm; Power Inductor C",8167,0.6670,4.00,,
3,1470774,YES,,5.0,"SN74LVC2G07DBVR",TEXAS INSTRUMENTS,"Logic Family / Base Number:74LVC2G07; Logic Device Type:Buffer, Non Inverting; Logic Case Style:SOT-23; No. of Pins:6Pins; Supply Voltage Min:1.65V; Supply Voltage Max:5.5V; Logic IC Fami",9612,0.4590,2.30,,
4,1735541,YES,,10.0,"GRM21BR71H105KA12L",MURATA,"Ceramic Capacitor Case:0805 [2012 Metric]; Capacitance:1µF; Voltage Rating:50V; Capacitance Tolerance:± 10%; Dielectric Characteristic:X7R; Product Range:GRM Series; Packaging:Cut Tape; Op",60082,0.2690,2.69,,
5,1248989,YES,,12.0,"5-1814400-1",AMP - TE CONNECTIVITY,"Connector Type:SMA Coaxial; Connector Body Style:Right Angle Jack; Coaxial Termination:Solder; Impedance:50ohm; Coaxial Cable Types:-; Contact Material:Beryllium Copper; Contact",6438,1.4700,17.64,,
6,2059275,YES,,20.0,"ERJ3EKF51R0V",PANASONIC ELECTRONIC COMPONENTS,"Resistance:51ohm; Voltage Rating:75V; Resistor Case Style:0603 [1608 Metric]; Power Rating:100mW; Resistance Tolerance:± 1%; Product Range:ERJ3E Series; Packaging:Cut Tape; Resistor",42843,0.0136,0.27,,
7,2447230,Y-EX,,20.0,"MCWR06X1002FTL",MULTICOMP,"Resistance:10kohm; Voltage Rating:50V; Resistor Case Style:0603 [1608 Metric]; Power Rating:100mW; Resistance Tolerance:± 1%; Product Range:MCWR Series; Packaging:Cut Tape; Resistor",122533,0.0037,0.07,,
8,2078898,YES,,30.0,"ASC0603-33RFT5",WELWYN,"Resistance:33ohm; Voltage Rating:50V; Resistor Case Style:0603 [1608 Metric]; Power Rating:100mW; Resistance Tolerance:± 1%; Product Range:ASC Series; Packaging:Cut Tape; Resistor El",64396,0.0165,0.50,,
9,2059343,YES,,10.0,"ERJ3EKF2001V",PANASONIC ELECTRONIC COMPONENTS,"Resistance:2kohm; Voltage Rating:75V; Resistor Case Style:0603 [1608 Metric]; Power Rating:100mW; Resistance Tolerance:± 1%; Product Range:ERJ3E Series; Packaging:Cut Tape; Resistor E",76301,0.0136,0.14,,
10,2309111,YES,,10.0,"MC0603SAF0000T5E",MULTICOMP,"Resistance:0ohm; Voltage Rating:50V; Resistor Case Style:0603 [1608 Metric]; Power Rating:100mW; Resistance Tolerance:± 1%; Product Range:MC Series; Packaging:Cut Tape; Resistor Eleme",70215,0.0088,0.09,,
11,2331443,YES,,10.0,"CRG0402F100R",TE CONNECTIVITY,"Resistance:100ohm; Voltage Rating:50V; Resistor Case Style:0402 [1005 Metric]; Power Rating:63mW; Resistance Tolerance:± 1%; Product Range:CRG Series; Packaging:Cut Tape; Resistor",54813,0.0233,0.23,,
12,2502463,YES,,10.0,"WR06X4701FTL",WALSIN,"Resistance:4.7kohm; Voltage Rating:75V; Resistor Case Style:0603 [1608 Metric]; Power Rating:100mW; Resistance Tolerance:± 1%; Product Range:WR06 Series; Packaging:Cut Tape; Resi",253161,0.0098,0.10,,
13,2358142,YES,,4.0,"ISL21080CIH315Z-TK",INTERSIL,"Voltage Reference Type:Series - Fixed; Product Range:ISL21080 Series; Reference Voltage:1.5V; Initial Accuracy:0.5%; Temperature Coefficient:± 50ppm/°C; Voltage Reference Case Style:S",1819,2.2700,9.08,,
14,2323247,YES,,2.0,"BUF602IDBVT",TEXAS INSTRUMENTS,"No. of Amplifiers:1Amplifiers; Gain Bandwidth:1GHz; Slew Rate:8000V/µs; Supply Voltage Range:± 1.4V to ± 6.3V; Amplifier Case Style:SOT-23; No. of Pins:5Pins; Output Current:60mA; Ampli",277,2.9600,5.92,,
15,2401275,YES,,2.0,"L17HTHES4F1C",AMPHENOL,"No. of Contacts:15Contacts; Gender:Receptacle; D Sub Shell Size:DE; Product Range:HTH Series; Connector Body Material:Steel Body; Contact Termination Type:Through Hole; Contact Material:",2084,2.8900,5.78,,
16,1826354,YES,,6.0,"C2220C226M5R2C7186",KEMET,"Capacitance:22µF; Voltage Rating:50V; Ceramic Capacitor Case:2220 [5650 Metric]; Product Range:KPS Series; Capacitance Tolerance:± 20%; Dielectric Characteristic:X7R; Stacking Height:5mm;",704,5.1500,30.90,,
17,2496834,YES,,60.0,"0603B104K500CT",WALSIN,"Ceramic Capacitor Case:0603 [1608 Metric]; Capacitance:0.1µF; Voltage Rating:50V; Capacitance Tolerance:± 10%; Dielectric Characteristic:X7R; Product Range:-; Packaging:Cut Tape; O",1052526,0.0152,0.91,,
18,1833812,YES,,10.0,"0805ZD106KAT2A",AVX,"Ceramic Capacitor Case:0805 [2012 Metric]; Capacitance:10µF; Voltage Rating:10V; Capacitance Tolerance:± 10%; Dielectric Characteristic:X5R; Product Range:-; Packaging:Cut Tape; Operating",102094,0.1510,1.51,,
19,2496825,YES,,10.0,"0603B103K101CT",WALSIN,"Ceramic Capacitor Case:0603 [1608 Metric]; Capacitance:0.01µF; Voltage Rating:100V; Capacitance Tolerance:± 10%; Dielectric Characteristic:X7R; Product Range:-; Packaging:Cut Tap",360301,0.0146,0.15,,
20,1572615,YES,,20.0,"C0402C390J5GACTU",KEMET,"Ceramic Capacitor Case:0402 [1005 Metric]; Capacitance:39pF; Voltage Rating:50V; Capacitance Tolerance:± 5%; Dielectric Characteristic:C0G / NP0; Product Range:C Series; Packaging:Cut",48905,0.0195,0.39,,
21,2210822,YES,,40.0,"CGA2B3X7R1H104K050BB",TDK,"Ceramic Capacitor Case:0402 [1005 Metric]; Capacitance:0.1µF; Voltage Rating:50V; Capacitance Tolerance:± 10%; Dielectric Characteristic:X7R; Product Range:CGA Series; Packaging:Cut Tape",639530,0.1580,6.32,,
22,2497057,YES,,10.0,"0805X475K250CT",WALSIN,"Ceramic Capacitor Case:0805 [2012 Metric]; Capacitance:4.7µF; Voltage Rating:25V; Capacitance Tolerance:± 10%; Dielectric Characteristic:X5R; Product Range:-; Packaging:Cut Tape; O",103423,0.1790,1.79,,
23,2496916,YES,,10.0,"0603X105K100CT",WALSIN,"Ceramic Capacitor Case:0603 [1608 Metric]; Capacitance:1µF; Voltage Rating:10V; Capacitance Tolerance:± 10%; Dielectric Characteristic:X5R; Product Range:-; Packaging:Cut Tape; Opera",272540,0.0271,0.27,,

,,,,,,,Vmesna vsota,98.71
,,,,,,,Vsota za blago,98.71
,,,,,,,Osnovna dostava,0.00
,,,,,,,DDV,Unknown
,,,,,,,Skupaj,98.71
